Player Name,Team,Pos,Games,PPR,HPPR,Std,1.5 TE,6 Pt Pass,DK
Lamar Jackson,BAL,QB,1,21.99,21.98990588,21.99,21.99,25.82,22.74
Josh Allen,BUF,QB,1,21.88,21.87882353,21.88,21.88,25.56,22.67
Jayden Daniels,WAS,QB,1,21.80,21.7988,21.80,21.80,25.28,22.67
Jalen Hurts,PHI,QB,1,21.09,21.09341176,21.09,21.09,24.05,21.67
Joe Burrow,CIN,QB,1,20.67,20.66865882,20.67,20.67,25.45,21.90
Ja'Marr Chase,CIN,WR,1,20.09,16.73,13.37,20.09,20.09,21.37
Bijan Robinson,ATL,RB,1,18.77,17.04823529,15.32,18.77,18.77,19.76
Patrick Mahomes,KC,QB,1,18.38,18.38428235,18.38,18.38,21.83,19.43
Kyler Murray,ARI,QB,1,18.28,18.28218824,18.28,18.28,21.01,18.94
Baker Mayfield,TB,QB,1,18.28,18.27581176,18.28,18.28,22.29,19.21
Bo Nix,DEN,QB,1,18.24,18.24345882,18.24,18.24,21.74,18.84
Saquon Barkley,PHI,RB,1,18.20,17.28705882,16.38,18.20,18.20,19.66
CeeDee Lamb,DAL,WR,1,18.14,14.93529412,11.73,18.14,18.14,19.20
Justin Jefferson,MIN,WR,1,17.94,15.02058824,12.10,17.94,17.94,19.13
Caleb Williams,CHI,QB,1,17.71,17.70571765,17.71,17.71,20.80,18.69
Dak Prescott,DAL,QB,1,17.47,17.47124706,17.47,17.47,21.15,18.61
Jahmyr Gibbs,DET,RB,1,17.42,15.90117647,14.38,17.42,17.42,18.13
Justin Fields,NYJ,QB,1,17.33,17.32943529,17.33,17.33,19.61,17.81
Jared Goff,DET,QB,1,17.29,17.28757647,17.29,17.29,20.96,18.46
Brock Purdy,SF,QB,1,17.09,17.08887059,17.09,17.09,20.03,18.30
Malik Nabers,NYG,WR,1,17.05,13.78941176,10.53,17.05,17.05,17.99
Jordan Love,GB,QB,1,17.04,17.0376,17.04,17.04,20.54,17.93
Justin Herbert,LAC,QB,1,17.01,17.01035294,17.01,17.01,19.87,17.73
Christian McCaffrey,SF,RB,1,16.81,14.77470588,12.74,16.81,16.81,17.25
Amon-Ra St. Brown,DET,WR,1,16.72,13.51647059,10.31,16.72,16.72,17.50
Puka Nacua,LAR,WR,1,16.65,13.71529412,10.78,16.65,16.65,17.57
J.J. McCarthy,MIN,QB,1,16.59,16.58847059,16.59,16.59,20.16,17.35
Drake Maye,NE,QB,1,16.49,16.48503529,16.49,16.49,19.17,17.07
Trevor Lawrence,JAX,QB,1,16.27,16.26969412,16.27,16.27,19.07,17.14
CJ Stroud,HOU,QB,1,16.16,16.16338824,16.16,16.16,18.86,17.31
Nico Collins,HOU,WR,1,16.00,13.28823529,10.58,16.00,16.00,16.98
Ashton Jeanty,LVR,RB,1,15.92,14.58294118,13.24,15.92,15.92,16.84
Brian Thomas Jr.,JAX,WR,1,15.87,13.19529412,10.52,15.87,15.87,16.68
Bryce Young,CAR,QB,1,15.63,15.62767059,15.63,15.63,18.24,16.28
Matthew Stafford,LAR,QB,1,15.38,15.3808,15.38,15.38,18.47,16.36
Tua Tagovailoa,MIA,QB,1,15.27,15.26797647,15.27,15.27,18.55,16.03
Michael Penix Jr.,ATL,QB,1,15.00,14.99602353,15.00,15.00,17.87,15.70
Brock Bowers,LVR,TE,1,14.81,11.69647059,8.58,17.92,14.81,15.42
Geno Smith,LVR,QB,1,14.71,14.70644706,14.71,14.71,17.36,15.38
Drake London,ATL,WR,1,14.37,11.73647059,9.10,14.37,14.37,14.98
Ladd McConkey,LAC,WR,1,14.34,11.70882353,9.08,14.34,14.34,15.05
A.J. Brown,PHI,WR,1,14.33,11.94470588,9.56,14.33,14.33,15.06
Trey McBride,ARI,TE,1,14.20,11.12,8.04,17.28,14.20,14.75
Devon Achane,MIA,RB,1,14.19,12.45764706,10.72,14.19,14.19,14.49
Cam Ward,TEN,QB,1,14.07,14.06825882,14.07,14.07,16.58,14.53
Aaron Rodgers,PIT,QB,1,13.95,13.95491765,13.95,13.95,16.79,14.38
Derrick Henry,BAL,RB,1,13.78,13.33235294,12.88,13.78,13.78,14.54
Bucky Irving,TB,RB,1,13.63,12.38705882,11.15,13.63,13.63,14.16
Tyler Shough,NO,QB,1,13.50,13.50442353,13.50,13.50,15.95,14.13
Tee Higgins,CIN,WR,1,13.44,11.27352941,9.11,13.44,13.44,13.91
Rashee Rice,KC,WR,1,13.38,10.84823529,8.32,13.38,13.38,13.87
Garrett Wilson,NYJ,WR,1,13.37,10.89470588,8.42,13.37,13.37,13.87
Tyreek Hill,MIA,WR,1,13.34,11.08882353,8.83,13.34,13.34,13.80
Jaxon Smith-Njigba,SEA,WR,1,13.27,10.66705882,8.07,13.27,13.27,13.70
Marvin Harrison Jr.,ARI,WR,1,13.21,10.99529412,8.78,13.21,13.21,13.73
Sam Darnold,SEA,QB,1,13.13,13.13225882,13.13,13.13,15.64,13.42
Josh Jacobs,GB,RB,1,13.10,12.17588235,11.26,13.10,13.10,13.63
Anthony Richardson,IND,QB,1,13.03,13.028,13.03,13.03,15.05,13.19
Jonathan Taylor,IND,RB,1,12.94,12.43882353,11.93,12.94,12.94,13.75
Davante Adams,LAR,WR,1,12.91,10.54705882,8.19,12.91,12.91,13.36
Chase Brown,CIN,RB,1,12.88,11.79411765,10.71,12.88,12.88,13.32
Terry McLaurin,WAS,WR,1,12.83,10.68705882,8.54,12.83,12.83,13.29
Breece Hall,NYJ,RB,1,12.80,11.47294118,10.15,12.80,12.80,13.16
Daniel Jones,IND,QB,1,12.72,12.72094118,12.72,12.72,14.74,12.87
Alvin Kamara,NO,RB,1,12.60,10.96823529,9.33,12.60,12.60,12.84
DJ Moore,CHI,WR,1,12.51,10.23235294,7.95,12.51,12.51,12.92
Xavier Worthy,KC,WR,1,12.32,10.30588235,8.29,12.32,12.32,12.65
Mike Evans,TB,WR,1,12.30,10.43411765,8.57,12.30,12.30,12.64
James Cook,BUF,RB,1,12.29,11.38470588,10.48,12.29,12.29,12.70
DeVonta Smith,PHI,WR,1,12.21,9.992941176,7.78,12.21,12.21,12.63
Omarion Hampton,LAC,RB,1,12.18,11.24647059,10.31,12.18,12.18,12.61
Ken Walker,SEA,RB,1,12.18,11.09117647,10.01,12.18,12.18,12.52
Tetairoa McMillan,CAR,WR,1,12.14,9.964117647,7.79,12.14,12.14,12.55
Kyren Williams,LAR,RB,1,12.11,11.34588235,10.58,12.11,12.11,12.63
TreVeyon Henderson,NE,RB,1,12.10,10.95470588,9.80,12.10,12.10,12.49
DK Metcalf,PIT,WR,1,12.05,10.01176471,7.97,12.05,12.05,12.49
George Kittle,SF,TE,1,12.04,9.91,7.78,14.16,12.04,12.49
Chuba Hubbard,CAR,RB,1,12.02,10.99529412,9.97,12.02,12.02,12.42
Travis Hunter,JAX,WR,1,11.99,9.831176471,7.68,11.99,11.99,12.41
Joe Mixon,HOU,RB,1,11.96,11.04352941,10.13,11.96,11.96,12.34
RJ Harvey,DEN,RB,1,11.88,10.70647059,9.53,11.88,11.88,12.22
James Conner,ARI,RB,1,11.70,10.68411765,9.66,11.70,11.70,12.05
Jaxson Dart,NYG,QB,1,11.65,11.64748235,11.65,11.65,13.61,11.95
Jaylen Waddle,MIA,WR,1,11.60,9.532941176,7.47,11.60,11.60,11.99
Zay Flowers,BAL,WR,1,11.57,9.522941176,7.48,11.57,11.57,11.90
Jameson Williams,DET,WR,1,11.50,9.856470588,8.21,11.50,11.50,11.87
Rome Odunze,CHI,WR,1,11.46,9.455882353,7.45,11.46,11.46,11.83
George Pickens,DAL,WR,1,11.45,9.59,7.73,11.45,11.45,11.86
Jordan Addison,MIN,WR,1,11.44,9.485294118,7.54,11.44,11.44,11.76
Chris Olave,NO,WR,1,11.42,9.333529412,7.24,11.42,11.42,11.82
Courtland Sutton,DEN,WR,1,11.37,9.45,7.53,11.37,11.37,11.69
David Montgomery,DET,RB,1,11.35,10.66647059,9.99,11.35,11.35,11.60
Calvin Ridley,TEN,WR,1,11.34,9.393529412,7.44,11.34,11.34,11.72
Jerry Jeudy,CLE,WR,1,11.29,9.220588235,7.15,11.29,11.29,11.73
Chris Godwin,TB,WR,1,11.28,9.169411765,7.06,11.28,11.28,11.59
Jauan Jennings,SF,WR,1,10.86,8.828823529,6.80,10.86,10.86,11.18
Deebo Samuel,WAS,WR,1,10.78,9.105882353,7.43,10.78,10.78,11.02
Jakobi Meyers,LVR,WR,1,10.61,8.507058824,6.41,10.61,10.61,10.88
Quinshon Judkins,CLE,RB,1,10.51,9.730588235,8.95,10.51,10.51,10.92
D'Andre Swift,CHI,RB,1,10.47,9.245294118,8.02,10.47,10.47,10.65
Sam LaPorta,DET,TE,1,10.40,8.495882353,6.59,12.30,10.40,10.61
Kaleb Johnson,PIT,RB,1,10.37,9.874117647,9.37,10.37,10.37,10.85
Khalil Shakir,BUF,WR,1,10.19,8.269411765,6.35,10.19,10.19,10.46
Aaron Jones,MIN,RB,1,10.14,9.13,8.12,10.14,10.14,10.40
Ricky Pearsall,SF,WR,1,10.00,8.177058824,6.36,10.00,10.00,10.25
Tony Pollard,TEN,RB,1,9.96,8.887058824,7.82,9.96,9.96,10.20
Matthew Golden,GB,WR,1,9.86,8.224705882,6.59,9.86,9.86,10.09
T.J. Hockenson,MIN,TE,1,9.76,7.806470588,5.85,11.72,9.76,9.95
Jaylen Warren,PIT,RB,1,9.73,8.435882353,7.14,9.73,9.73,9.89
Michael Pittman Jr.,IND,WR,1,9.71,7.795882353,5.88,9.71,9.71,9.93
Josh Downs,IND,WR,1,9.57,7.667058824,5.76,9.57,9.57,9.78
Stefon Diggs,NE,WR,1,9.54,7.674117647,5.80,9.54,9.54,9.76
Darnell Mooney,ATL,WR,1,9.48,7.784705882,6.08,9.48,9.48,9.73
Cooper Kupp,SEA,WR,1,9.40,7.618823529,5.84,9.40,9.40,9.63
Jayden Reed,GB,WR,1,9.36,7.920588235,6.48,9.36,9.36,9.53
Emeka Egbuka,TB,WR,1,9.35,7.715294118,6.08,9.35,9.35,9.56
Brandon Aiyuk,SF,WR,1,9.28,7.667647059,6.06,9.28,9.28,9.53
Cam Skattebo,NYG,RB,1,9.20,8.187647059,7.17,9.20,9.20,9.37
Travis Kelce,KC,TE,1,9.17,7.184705882,5.20,11.16,9.17,9.30
Isiah Pacheco,KC,RB,1,9.12,8.377647059,7.64,9.12,9.12,9.33
Jordan Mason,MIN,RB,1,9.08,8.45,7.82,9.08,9.08,9.32
Brian Robinson Jr.,WAS,RB,1,9.01,8.455882353,7.91,9.01,9.01,9.21
Tyrone Tracy Jr.,NYG,RB,1,8.76,8.030588235,7.30,8.76,8.76,8.97
Evan Engram,DEN,TE,1,8.75,6.885294118,5.02,10.62,8.75,8.88
Rashid Shaheed,NO,WR,1,8.65,7.275294118,5.90,8.65,8.65,8.86
Jonnu Smith,MIA,TE,1,8.59,6.826470588,5.06,10.36,8.59,8.73
Zach Charbonnet,SEA,RB,1,8.51,7.558823529,6.61,8.51,8.51,8.64
Jayden Higgins,HOU,WR,1,8.47,6.887058824,5.30,8.47,8.47,8.66
Mark Andrews,BAL,TE,1,8.46,7.09,5.72,9.84,8.46,8.59
Najee Harris,LAC,RB,1,8.43,7.834117647,7.23,8.43,8.43,8.62
Tre Harris,LAC,WR,1,8.30,6.818823529,5.34,8.30,8.30,8.48
Luther Burden III,CHI,WR,1,8.22,6.757647059,5.29,8.22,8.22,8.38
Tyler Warren,IND,TE,1,8.18,6.504117647,4.83,9.85,8.18,8.32
David Njoku,CLE,TE,1,8.15,6.414705882,4.68,9.88,8.15,8.29
Kyle Williams,NE,WR,1,8.13,6.627058824,5.12,8.13,8.13,8.30
Colston Loveland,CHI,TE,1,8.13,6.449411765,4.77,9.81,8.13,8.27
Jake Ferguson,DAL,TE,1,8.09,6.361176471,4.63,9.82,8.09,8.21
Rashod Bateman,BAL,WR,1,8.03,6.748235294,5.47,8.03,8.03,8.17
Dallas Goedert,PHI,TE,1,8.02,6.395294118,4.77,9.64,8.02,8.16
Bhayshul Tuten,JAX,RB,1,7.95,7.252941176,6.56,7.95,7.95,8.11
Dalton Kincaid,BUF,TE,1,7.93,6.281176471,4.63,9.59,7.93,8.05
Keon Coleman,BUF,WR,1,7.89,6.781176471,5.67,7.89,7.89,8.01
Tucker Kraft,GB,TE,1,7.78,6.380588235,4.98,9.19,7.78,7.93
Travis Etienne Jr.,JAX,RB,1,7.75,7.213529412,6.68,7.75,7.75,7.93
Christian Kirk,HOU,WR,1,7.62,6.209411765,4.80,7.62,7.62,7.77
Pat Freiermuth,PIT,TE,1,7.59,5.985294118,4.38,9.20,7.59,7.71
Tyjae Spears,TEN,RB,1,7.58,6.715882353,5.85,7.58,7.58,7.71
Kyle Pitts,ATL,TE,1,7.58,6.194705882,4.81,8.97,7.58,7.72
Jack Bech,LVR,WR,1,7.57,6.151764706,4.73,7.57,7.57,7.71
Shedeur Sanders,CLE,QB,1,7.53,7.526658824,7.53,7.53,8.85,7.57
Brenton Strange,JAX,TE,1,7.50,5.833529412,4.17,9.16,7.50,7.60
Mike Gesicki,CIN,TE,1,7.47,5.928823529,4.39,9.01,7.47,7.58
Marquise Brown,KC,WR,1,7.42,6.062941176,4.70,7.42,7.42,7.55
Isaiah Likely,BAL,TE,1,7.39,6.091764706,4.80,8.68,7.39,7.49
Javonte Williams,DAL,RB,1,7.38,6.690588235,6.00,7.38,7.38,7.51
Jaydon Blue,DAL,RB,1,7.35,6.511764706,5.68,7.35,7.35,7.45
Hunter Henry,NE,TE,1,7.30,5.762352941,4.22,8.84,7.30,7.41
Zach Ertz,WAS,TE,1,7.29,5.766470588,4.25,8.81,7.29,7.37
Wan'Dale Robinson,NYG,WR,1,7.28,5.594117647,3.91,7.28,7.28,7.38
Rachaad White,TB,RB,1,7.28,6.417058824,5.56,7.28,7.28,7.37
Marvin Mims,DEN,WR,1,7.28,6.107058824,4.94,7.28,7.28,7.39
Rhamondre Stevenson,NE,RB,1,7.24,6.525294118,5.81,7.24,7.24,7.38
Cedric Tillman,CLE,WR,1,7.22,5.805882353,4.39,7.22,7.22,7.35
Xavier Legette,CAR,WR,1,7.22,5.885882353,4.56,7.22,7.22,7.33
Quentin Johnston,LAC,WR,1,7.20,5.931764706,4.67,7.20,7.20,7.32
Romeo Doubs,GB,WR,1,7.16,5.879411765,4.60,7.16,7.16,7.27
Joshua Palmer,BUF,WR,1,7.12,5.881176471,4.64,7.12,7.12,7.24
Trey Benson,ARI,RB,1,7.00,6.513529412,6.02,7.00,7.00,7.16
Demario Douglas,NE,WR,1,6.97,5.568823529,4.17,6.97,6.97,7.07
Jalen McMillan,TB,WR,1,6.97,5.760588235,4.55,6.97,6.97,7.08
Pat Bryant,DEN,WR,1,6.91,5.648823529,4.39,6.91,6.91,7.02
Michael Wilson,ARI,WR,1,6.87,5.580588235,4.30,6.87,6.87,6.99
Jaylin Noel,HOU,WR,1,6.86,5.544117647,4.22,6.86,6.86,6.99
Cade Otton,TB,TE,1,6.86,5.487647059,4.12,8.22,6.86,6.94
Ray Davis,BUF,RB,1,6.82,6.371764706,5.92,6.82,6.82,6.95
Juwan Johnson,NO,TE,1,6.54,5.209411765,3.87,7.88,6.54,6.64
Adam Thielen,CAR,WR,1,6.53,5.242941176,3.96,6.53,6.53,6.64
Rico Dowdle,CAR,RB,1,6.52,5.747058824,4.98,6.52,6.52,6.61
Darius Slayton,NYG,WR,1,6.46,5.317058824,4.18,6.46,6.46,6.58
Keenan Allen,FA,WR,1,6.44,5.179411765,3.92,6.44,6.44,6.53
Ja'Tavion Sanders,CAR,TE,1,6.42,5.041764706,3.66,7.80,6.42,6.51
DeAndre Hopkins,BAL,WR,1,6.40,5.276470588,4.15,6.40,6.40,6.49
Alec Pierce,IND,WR,1,6.38,5.377058824,4.37,6.38,6.38,6.50
Isaac Guerendo,SF,RB,1,6.37,5.883529412,5.40,6.37,6.37,6.47
Dyami Brown,JAX,WR,1,6.28,5.137647059,3.99,6.28,6.28,6.39
Tyler Lockett,TEN,WR,1,6.25,5.041176471,3.83,6.25,6.25,6.35
Mason Taylor,NYJ,TE,1,6.24,4.871764706,3.50,7.61,6.24,6.33
Adonai Mitchell,IND,WR,1,6.19,5.032352941,3.87,6.19,6.19,6.30
Elic Ayomanor,TEN,WR,1,6.17,5.002941176,3.84,6.17,6.17,6.27
Andrei Iosivas,CIN,WR,1,6.15,5.104705882,4.06,6.15,6.15,6.23
Austin Ekeler,WAS,RB,1,6.11,5.327058824,4.54,6.11,6.11,6.18
Jalen Coker,CAR,WR,1,6.08,4.933529412,3.78,6.08,6.08,6.19
Tank Bigsby,JAX,RB,1,6.06,5.774705882,5.49,6.06,6.06,6.20
Jalen Royals,KC,WR,1,6.06,4.95,3.84,6.06,6.06,6.15
Tutu Atwell,LAR,WR,1,6.03,4.953529412,3.88,6.03,6.03,6.12
Amari Cooper,FA,WR,1,6.02,4.934117647,3.85,6.02,6.02,6.11
Calvin Austin III,PIT,WR,1,5.96,4.879411765,3.80,5.96,5.96,6.05
Tyler Allgeier,ATL,RB,1,5.94,5.58,5.22,5.94,5.94,6.05
Jalen Tolbert,DAL,WR,1,5.79,4.711764706,3.64,5.79,5.79,5.87
Isaac TeSlaa,DET,WR,1,5.78,4.754705882,3.73,5.78,5.78,5.86
Savion Williams,GB,WR,1,5.76,4.851764706,3.95,5.76,5.76,5.84
Brandin Cooks,NO,WR,1,5.66,4.579411765,3.49,5.66,5.66,5.75
Jordan Whittington,LAR,WR,1,5.63,4.584117647,3.54,5.63,5.63,5.71
J.K. Dobbins,DEN,RB,1,5.62,5.134117647,4.65,5.62,5.62,5.71
Jaylen Wright,MIA,RB,1,5.62,5.297058824,4.98,5.62,5.62,5.71
Terrance Ferguson,LAR,TE,1,5.60,4.420588235,3.24,6.78,5.60,5.67
DJ Giddens,IND,RB,1,5.57,4.738823529,3.91,5.57,5.57,5.63
Noah Brown,WAS,WR,1,5.54,4.535294118,3.54,5.54,5.54,5.62
Dalton Schultz,HOU,TE,1,5.52,4.339411765,3.16,6.70,5.52,5.59
Will Shipley,PHI,RB,1,5.50,4.895882353,4.29,5.50,5.50,5.58
Braelon Allen,NYJ,RB,1,5.49,5.010588235,4.53,5.49,5.49,5.57
Roschon Johnson,CHI,RB,1,5.46,4.855882353,4.25,5.46,5.46,5.52
MarShawn Lloyd,GB,RB,1,5.46,4.911176471,4.37,5.46,5.46,5.53
Roman Wilson,PIT,WR,1,5.43,4.366470588,3.30,5.43,5.43,5.51
Justice Hill,BAL,RB,1,5.29,4.555882353,3.82,5.29,5.29,5.35
Chigoziem Okonkwo,TEN,TE,1,5.24,4.125294118,3.01,6.35,5.24,5.31
Ray-Ray McCloud III,ATL,WR,1,5.21,4.205294118,3.20,5.21,5.21,5.28
Tre Tucker,LVR,WR,1,5.21,4.315882353,3.42,5.21,5.21,5.28
Troy Franklin,DEN,WR,1,5.21,4.265294118,3.32,5.21,5.21,5.28
Curtis Samuel,BUF,WR,1,5.18,4.222352941,3.26,5.18,5.18,5.25
Mike Williams,LAC,WR,1,5.14,4.238823529,3.34,5.14,5.14,5.21
KaVontae Turpin,DAL,WR,1,5.14,4.358235294,3.58,5.14,5.14,5.20
Elijah Moore,BUF,WR,1,5.09,4.162941176,3.24,5.09,5.09,5.16
Theo Johnson,NYG,TE,1,5.08,3.981764706,2.88,6.18,5.08,5.15
Jalen Nailor,MIN,WR,1,5.06,4.148823529,3.24,5.06,5.06,5.13
Diontae Johnson,CLE,WR,1,5.04,4.071176471,3.10,5.04,5.04,5.12
Noah Gray,KC,TE,1,4.98,3.92,2.86,6.04,4.98,5.04
Malik Washington,MIA,WR,1,4.93,3.957058824,2.98,4.93,4.93,4.99
Dont'e Thornton Jr.,LVR,WR,1,4.87,3.948823529,3.03,4.87,4.87,4.94
Jarquez Hunter,LAR,RB,1,4.86,4.538823529,4.22,4.86,4.86,4.94
Greg Dortch,ARI,WR,1,4.80,3.783529412,2.77,4.80,4.80,4.86
Cole Kmet,CHI,TE,1,4.72,3.725294118,2.73,5.72,4.72,4.78
Devaughn Vele,DEN,WR,1,4.69,3.758823529,2.83,4.69,4.69,4.75
Miles Sanders,DAL,RB,1,4.65,4.213529412,3.78,4.65,4.65,4.71
Dontayvion Wicks,GB,WR,1,4.61,3.802941176,2.99,4.61,4.61,4.67
Dylan Sampson,CLE,RB,1,4.57,4.155294118,3.74,4.57,4.57,4.64
Jerome Ford,CLE,RB,1,4.57,4.07,3.57,4.57,4.57,4.63
Nick Chubb,HOU,RB,1,4.47,4.177647059,3.88,4.47,4.47,4.54
Keaton Mitchell,BAL,RB,1,4.42,4.082352941,3.75,4.42,4.42,4.48
Tyler Higbee,LAR,TE,1,4.39,3.482352941,2.57,5.31,4.39,4.45
Brashard Smith,KC,RB,1,4.36,3.800588235,3.24,4.36,4.36,4.41
Devin Neal,NO,RB,1,4.36,3.993529412,3.63,4.36,4.36,4.42
Jalin Hyatt,NYG,WR,1,4.32,3.56,2.80,4.32,4.32,4.39
Sean Tucker,TB,RB,1,4.32,3.937058824,3.56,4.32,4.32,4.38
Dillon Gabriel,CLE,QB,1,4.27,4.270682353,4.27,4.27,4.99,4.29
Ollie Gordon II,MIA,RB,1,4.27,3.994705882,3.72,4.27,4.27,4.32
Harold Fannin Jr.,CLE,TE,1,4.23,3.337647059,2.45,5.11,4.23,4.28
Nick Westbrook-Ikhine,MIA,WR,1,4.21,3.494117647,2.78,4.21,4.21,4.27
Elijah Arroyo,SEA,TE,1,4.10,3.231176471,2.36,4.97,4.10,4.15
Deandre Carter,CLE,WR,1,4.06,3.256470588,2.45,4.06,4.06,4.11
DeAndre Carter,CLE,WR,1,4.06,3.256470588,2.45,4.06,4.06,4.11
Josh Reynolds,NYJ,WR,1,4.02,3.279411765,2.54,4.02,4.02,4.07
Kayshon Boutte,NE,WR,1,4.00,3.272941176,2.54,4.00,4.00,4.06
Tahj Brooks,CIN,RB,1,3.97,3.638823529,3.30,3.97,3.97,4.03
Tyler Conklin,LAC,TE,1,3.97,3.135882353,2.30,4.80,3.97,4.01
Tai Felton,MIN,WR,1,3.95,3.233529412,2.52,3.95,3.95,4.00
Ben Sinnott,WAS,TE,1,3.93,3.085882353,2.24,4.77,3.93,3.97
Jahan Dotson,PHI,WR,1,3.91,3.196470588,2.48,3.91,3.91,3.96
Elijah Mitchell,KC,RB,1,3.88,3.645882353,3.41,3.88,3.88,3.94
Arian Smith,NYJ,WR,1,3.88,3.187647059,2.50,3.88,3.88,3.93
Blake Corum,LAR,RB,1,3.87,3.584705882,3.30,3.87,3.87,3.93
Woody Marks,HOU,RB,1,3.71,3.230588235,2.75,3.71,3.71,3.75
Dawson Knox,BUF,TE,1,3.69,2.972352941,2.26,4.40,3.69,3.73
Kenneth Gainwell,PIT,RB,1,3.68,3.209411765,2.74,3.68,3.68,3.73
Kendre Miller,NO,RB,1,3.67,3.379411765,3.09,3.67,3.67,3.72
Kyle Monangai,CHI,RB,1,3.67,3.371764706,3.08,3.67,3.67,3.71
Jaylin Lane,WAS,WR,1,3.64,3.037647059,2.44,3.64,3.64,3.68
Chimere Dike,TEN,WR,1,3.56,2.905294118,2.25,3.56,3.56,3.61
Parker Washington,JAX,WR,1,3.55,2.833529412,2.11,3.55,3.55,3.60
Christian Watson,GB,WR,1,3.55,2.974705882,2.40,3.55,3.55,3.60
Jimmy Horn Jr.,CAR,WR,1,3.54,2.935294118,2.33,3.54,3.54,3.59
Darnell Washington,PIT,TE,1,3.51,2.799411765,2.09,4.22,3.51,3.55
Kalif Raymond,DET,WR,1,3.51,2.832352941,2.16,3.51,3.51,3.55
Jermaine Burton,CIN,WR,1,3.44,2.918235294,2.40,3.44,3.44,3.48
Jordan James,SF,RB,1,3.43,3.174705882,2.92,3.43,3.43,3.48
Foster Moreau,NO,TE,1,3.39,2.672352941,1.96,4.10,3.39,3.43
Trevor Etienne,CAR,RB,1,3.35,2.975294118,2.60,3.35,3.35,3.39
Olamide Zaccheaus,CHI,WR,1,3.29,2.672352941,2.06,3.29,3.29,3.33
Luke Musgrave,GB,TE,1,3.25,2.588235294,1.93,3.91,3.25,3.29
Noah Fant,SEA,TE,1,3.18,2.534705882,1.88,3.83,3.18,3.23
Tory Horton,SEA,WR,1,3.17,2.571176471,1.97,3.17,3.17,3.21
Josh Oliver,MIN,TE,1,3.15,2.5,1.85,3.81,3.15,3.19
Will Dissly,LAC,TE,1,3.14,2.474705882,1.81,3.80,3.14,3.17
Samaje Perine,CIN,RB,1,3.11,2.689411765,2.27,3.11,3.11,3.14
Michael Mayer,LVR,TE,1,3.10,2.405294118,1.71,3.79,3.10,3.13
Cade Stover,HOU,TE,1,3.08,2.375294118,1.67,3.79,3.08,3.12
Luke McCaffrey,WAS,WR,1,3.08,2.47,1.86,3.08,3.08,3.12
Emanuel Wilson,GB,RB,1,3.08,2.842352941,2.61,3.08,3.08,3.12
Austin Hooper,NE,TE,1,3.07,2.414117647,1.76,3.73,3.07,3.11
Raheem Mostert,LVR,RB,1,3.06,2.757647059,2.46,3.06,3.06,3.10
Mason Tipton,NO,WR,1,3.01,2.420588235,1.83,3.01,3.01,3.05
Jonathan Mingo,DAL,WR,1,2.99,2.44,1.89,2.99,2.99,3.03
Jonathan Mingo,DAL,WR,1,2.99,2.44,1.89,2.99,2.99,3.03
Malachi Corley,NYJ,WR,1,2.99,2.409411765,1.83,2.99,2.99,3.02
Zack Moss,CIN,RB,1,2.98,2.742352941,2.51,2.98,2.98,3.02
Jacory Croskey-Merritt,WAS,RB,1,2.94,2.655294118,2.37,2.94,2.94,2.98
Tim Patrick,DET,WR,1,2.89,2.308235294,1.73,2.89,2.89,2.93
Alexander Mattison,MIA,RB,1,2.88,2.555882353,2.24,2.88,2.88,2.91
Erick All,CIN,TE,1,2.82,2.23,1.64,3.41,2.82,2.85
Devin Singletary,NYG,RB,1,2.78,2.514705882,2.25,2.78,2.78,2.82
Gunnar Helm,TEN,TE,1,2.77,2.139411765,1.51,3.39,2.77,2.80
Robert Woods,PIT,WR,1,2.69,2.236470588,1.78,2.69,2.69,2.73
Taysom Hill,NO,QB,1,2.69,2.429576471,2.17,2.69,2.80,2.72
KhaDarel Hodge,ATL,WR,1,2.68,2.208235294,1.73,2.68,2.68,2.72
LeQuint Allen Jr.,JAX,RB,1,2.68,2.241764706,1.80,2.68,2.68,2.71
Jake Bobo,SEA,WR,1,2.68,2.139411765,1.60,2.68,2.68,2.71
Treylon Burks,TEN,WR,1,2.66,2.199411765,1.74,2.66,2.66,2.70
KeAndre Lambert-Smith,LAC,WR,1,2.66,2.193529412,1.73,2.66,2.66,2.69
Marquez Valdes-Scantling,SEA,WR,1,2.65,2.189411765,1.73,2.65,2.65,2.69
Isaiah Bond,FA,WR,1,2.64,2.159411765,1.67,2.64,2.64,2.68
Ty Johnson,BUF,RB,1,2.62,2.362941176,2.10,2.62,2.62,2.66
New CHI RB,CHI,RB,1,2.62,2.507058824,2.39,2.62,2.62,2.66
Van Jefferson,TEN,WR,1,2.62,2.132941176,1.65,2.62,2.62,2.65
Kareem Hunt,KC,RB,1,2.57,2.384705882,2.20,2.57,2.57,2.61
Hunter Long,JAX,TE,1,2.57,1.955882353,1.34,3.19,2.57,2.60
Isaiah Davis,NYJ,RB,1,2.53,2.308823529,2.09,2.53,2.53,2.57
Jackson Hawes,BUF,TE,1,2.50,1.970588235,1.44,3.03,2.50,2.53
Damien Martinez,SEA,RB,1,2.50,2.293529412,2.09,2.50,2.50,2.53
Zay Jones,ARI,WR,1,2.43,1.939411765,1.45,2.43,2.43,2.46
Khalil Herbert,IND,RB,1,2.41,2.287647059,2.17,2.41,2.41,2.45
Michael Carter,ARI,RB,1,2.37,2.017058824,1.66,2.37,2.37,2.41
Daniel Bellinger,NYG,TE,1,2.37,1.830588235,1.29,2.91,2.37,2.40
Allen Lazard,NYJ,WR,1,2.33,1.907647059,1.48,2.33,2.33,2.37
Zamir White,LVR,RB,1,2.33,2.069411765,1.81,2.33,2.33,2.36
Jaleel McLaughlin,DEN,RB,1,2.25,1.975294118,1.70,2.25,2.25,2.29
Luke Schoonmaker,DAL,TE,1,2.21,1.747647059,1.29,2.67,2.21,2.24
Tank Dell,HOU,WR,1,2.21,1.783529412,1.36,2.21,2.21,2.24
Sam Howell,MIN,QB,1,2.19,2.189694118,2.19,2.19,2.59,2.21
Sam Howell,MIN,QB,1,2.19,2.189694118,2.19,2.19,2.59,2.21
Cedrick Wilson,NO,WR,1,2.18,1.752941176,1.32,2.18,2.18,2.21
Bub Means,NO,WR,1,2.18,1.752941176,1.32,2.18,2.18,2.21
Pharaoh Brown,MIA,TE,1,2.18,1.698235294,1.22,2.66,2.18,2.21
Hunter Renfrow,FA,WR,1,2.17,1.738823529,1.31,2.17,2.17,2.20
Hunter Renfrow,FA,WR,1,2.17,1.738823529,1.31,2.17,2.17,2.20
Tanner Hudson,CIN,TE,1,2.17,1.728823529,1.29,2.61,2.17,2.20
Jordan Watkins,SF,WR,1,2.14,1.731176471,1.32,2.14,2.14,2.17
Antonio Gibson,NE,RB,1,2.12,1.928823529,1.74,2.12,2.12,2.16
Phil Mafah,DAL,RB,1,2.11,1.892941176,1.68,2.11,2.11,2.14
Mack Hollins,NE,WR,1,2.11,1.72,1.33,2.11,2.11,2.14
Deshaun Watson,CLE,QB,1,2.10,2.097105882,2.10,2.10,2.46,2.12
New ARI WR,ARI,WR,1,2.07,1.680588235,1.30,2.07,2.07,2.10
Oronde Gadsden II,LAC,TE,1,2.05,1.615882353,1.18,2.49,2.05,2.08
Logan Thomas,FA,TE,1,2.04,1.603529412,1.16,2.49,2.04,2.07
New CLE RB,CLE,RB,1,1.99,1.732352941,1.47,1.99,1.99,2.02
Trey Sermon,PIT,RB,1,1.98,1.807058824,1.63,1.98,1.98,2.02
Trey Sermon,PIT,RB,1,1.98,1.807058824,1.63,1.98,1.98,2.02
Jeremy McNichols,WAS,RB,1,1.98,1.818823529,1.65,1.98,1.98,2.02
Lucas Krull,DEN,TE,1,1.98,1.526470588,1.07,2.44,1.98,2.01
Russell Wilson,NYG,QB,1,1.97,1.972870588,1.97,1.97,2.20,2.00
Tez Johnson,TB,WR,1,1.97,1.621764706,1.27,1.97,1.97,2.00
New PIT WR,PIT,WR,1,1.96,1.637647059,1.31,1.96,1.96,1.99
Julian Hill,MIA,TE,1,1.95,1.497058824,1.05,2.40,1.95,1.97
Jamari Thrash,CLE,WR,1,1.91,1.515882353,1.12,1.91,1.91,1.94
Jeremy Ruckert,NYJ,TE,1,1.90,1.469411765,1.04,2.33,1.90,1.93
Craig Reynolds,DET,RB,1,1.89,1.73,1.57,1.89,1.89,1.92
David Bell,CLE,WR,1,1.86,1.462941176,1.07,1.86,1.86,1.89
Kyle Juszczyk,SF,RB,1,1.85,1.475294118,1.10,1.85,1.85,1.88
Alec Ingold,MIA,RB,1,1.83,1.467647059,1.11,1.83,1.83,1.86
Chris Brooks,GB,RB,1,1.83,1.641176471,1.45,1.83,1.83,1.86
Kalel Mullings,TEN,RB,1,1.74,1.627058824,1.51,1.74,1.74,1.78
Charlie Kolar,BAL,TE,1,1.73,1.404117647,1.08,2.06,1.73,1.76
Charlie Woerner,ATL,TE,1,1.72,1.369411765,1.02,2.06,1.72,1.74
Gabe Davis,FA,WR,1,1.69,1.409411765,1.13,1.69,1.69,1.72
Jaheim Bell,NE,TE,1,1.69,1.342941176,1.00,2.03,1.69,1.72
Cam Akers,NO,RB,1,1.67,1.494705882,1.32,1.67,1.67,1.70
Grant Calcaterra,PHI,TE,1,1.66,1.334705882,1.01,1.98,1.66,1.68
New CHI WR,CHI,WR,1,1.63,1.301764706,0.97,1.63,1.63,1.66
Andrew Ogletree,IND,TE,1,1.63,1.313529412,1.00,1.94,1.63,1.66
Konata Mumpfield,LAR,WR,1,1.62,1.314117647,1.01,1.62,1.62,1.65
Xavier Gipson,NYJ,WR,1,1.60,1.263529412,0.92,1.60,1.60,1.63
Johnny Wilson,PHI,WR,1,1.60,1.33,1.06,1.60,1.60,1.62
Mitchell Evans,CAR,TE,1,1.58,1.226470588,0.88,1.93,1.58,1.60
Josh Whyle,TEN,TE,1,1.58,1.219411765,0.86,1.93,1.58,1.60
Elijah Higgins,ARI,TE,1,1.57,1.265882353,0.96,1.88,1.57,1.60
AJ Barner,SEA,TE,1,1.57,1.217647059,0.86,1.92,1.57,1.60
Jalen Milroe,SEA,QB,1,1.53,1.5284,1.53,1.53,1.63,1.56
Stone Smartt,NYJ,TE,1,1.42,1.104117647,0.78,1.75,1.42,1.45
Jordan Mims,NO,RB,1,1.42,1.215294118,1.02,1.42,1.42,1.44
Emari Demercado,ARI,RB,1,1.41,1.164705882,0.92,1.41,1.41,1.43
Gus Edwards,FA,RB,1,1.40,1.340588235,1.28,1.40,1.40,1.43
Marcus Yarns,NO,RB,1,1.40,1.138823529,0.88,1.40,1.40,1.42
Chris Manhertz,NYG,TE,1,1.37,1.041764706,0.72,1.69,1.37,1.39
Chris Manhertz,NYG,TE,1,1.37,1.041764706,0.72,1.69,1.37,1.39
Jordan Akins,CLE,TE,1,1.36,1.056470588,0.76,1.66,1.36,1.38
Nelson Agholor,BAL,WR,1,1.32,1.051176471,0.78,1.32,1.32,1.35
New ATL RB 3,ATL,RB,1,1.30,1.118235294,0.93,1.30,1.30,1.33
Brock Wright,DET,TE,1,1.28,0.9770588235,0.67,1.58,1.28,1.30
Ross Dwelley,ATL,TE,1,1.26,1.002941176,0.75,1.51,1.26,1.28
Gavin Bartholomew,MIN,TE,1,1.25,0.9941176471,0.74,1.50,1.25,1.27
Chris Rodriguez Jr.,WAS,RB,1,1.24,1.120588235,1.00,1.24,1.24,1.27
Juju Smith-Schuster,KC,WR,1,1.24,0.9970588235,0.76,1.24,1.24,1.26
Will Mallory,IND,TE,1,1.23,0.9829411765,0.73,1.48,1.23,1.26
Jalen Brooks,DAL,WR,1,1.14,0.9264705882,0.72,1.14,1.14,1.16
Roc Taylor,PIT,WR,1,1.13,0.9023529412,0.67,1.13,1.13,1.16
Efton Chism III,NE,WR,1,1.10,0.8876470588,0.67,1.10,1.10,1.13
Devontez Walker,BAL,WR,1,1.10,0.8847058824,0.67,1.10,1.10,1.12
New JAX WR 2,JAX,WR,1,1.09,0.8958823529,0.70,1.09,1.09,1.12
New BUF RB,BUF,RB,1,1.09,1.027647059,0.97,1.09,1.09,1.12
Russell Gage,FA,WR,1,1.07,0.8476470588,0.63,1.07,1.07,1.09
Michael Woods,CLE,WR,1,1.06,0.8576470588,0.65,1.06,1.06,1.09
Tommy Tremble,CAR,TE,1,1.05,0.8188235294,0.58,1.29,1.05,1.08
John Bates,WAS,TE,1,1.04,0.8335294118,0.62,1.25,1.04,1.07
Trenton Irwin,CIN,WR,1,1.04,0.8311764706,0.62,1.04,1.04,1.06
Tommy Mellott,LVR,WR,1,1.03,0.8341176471,0.63,1.03,1.03,1.06
Joe Milton,DAL,QB,1,1.02,1.019223529,1.02,1.02,1.17,1.04
Connor Heyward,PIT,TE,1,1.01,0.7776470588,0.54,1.25,1.01,1.04
Michael Gallup,WAS,WR,1,1.00,0.7923529412,0.59,1.00,1.00,1.02
Parris Campbell,DAL,WR,1,0.96,0.7782352941,0.60,0.96,0.96,0.98
Johnny Mundt,JAX,TE,1,0.95,0.7035294118,0.46,1.20,0.95,0.97
Moliki Matavao,NO,TE,1,0.95,0.6905882353,0.43,1.21,0.95,0.97
Dalen Cambre,NYG,WR,1,0.94,0.7358823529,0.53,0.94,0.94,0.96
Ja'Lynn Polk,NE,WR,1,0.93,0.7447058824,0.56,0.93,0.93,0.95
Brevin Jordan,HOU,TE,1,0.90,0.7135294118,0.52,1.10,0.90,0.93
New DAL TE,DAL,TE,1,0.90,0.7164705882,0.53,1.09,0.90,0.93
Zach Wilson,MIA,QB,1,0.90,0.9032941176,0.90,0.90,1.04,0.92
Devin Culp,TB,TE,1,0.90,0.7023529412,0.51,1.09,0.90,0.92
Jake Haener,NO,QB,1,0.90,0.8960941176,0.90,0.90,1.03,0.92
Demarcus Robinson,SF,WR,1,0.89,0.7135294118,0.53,0.89,0.89,0.92
Kylen Granson,PHI,TE,1,0.89,0.6988235294,0.50,1.09,0.89,0.92
Harrison Bryant,PHI,TE,1,0.86,0.6723529412,0.49,1.04,0.86,0.88
Harrison Bryant,PHI,TE,1,0.86,0.6723529412,0.49,1.04,0.86,0.88
Luke Farrell,SF,TE,1,0.84,0.6529411765,0.46,1.03,0.84,0.86
Tip Reiman,ARI,TE,1,0.84,0.6529411765,0.46,1.03,0.84,0.86
AJ Dillon,PHI,RB,1,0.83,0.7788235294,0.73,0.83,0.83,0.86
Kendall Milton,FA,RB,1,0.82,0.71,0.60,0.82,0.82,0.85
Ashton Dulin,IND,WR,1,0.82,0.6811764706,0.54,0.82,0.82,0.85
Chris Blair,ATL,WR,1,0.82,0.6694117647,0.52,0.82,0.82,0.85
Tre Stewart,MIN,RB,1,0.81,0.68,0.55,0.81,0.81,0.83
Nate Adkins,DEN,TE,1,0.80,0.6382352941,0.48,0.96,0.80,0.82
Tylan Wallace,BAL,WR,1,0.80,0.6370588235,0.48,0.80,0.80,0.82
Dameon Pierce,HOU,RB,1,0.79,0.6823529412,0.57,0.79,0.79,0.82
Julius Chestnut,TEN,RB,1,0.79,0.7576470588,0.73,0.79,0.79,0.81
Kenny McIntosh,SEA,RB,1,0.76,0.6470588235,0.54,0.76,0.76,0.78
Rasheen Ali,BAL,RB,1,0.76,0.6023529412,0.45,0.76,0.76,0.78
Tanner Conner,MIA,TE,1,0.75,0.5811764706,0.41,0.92,0.75,0.77
Colby Parkinson,LAR,TE,1,0.75,0.5858823529,0.42,0.92,0.75,0.77
Michael Burton,DEN,RB,1,0.74,0.6052941176,0.47,0.74,0.74,0.76
Kaden Prather,BUF,WR,1,0.72,0.59,0.46,0.72,0.72,0.75
Ty Chandler,MIN,RB,1,0.72,0.6635294118,0.60,0.72,0.72,0.75
C.J. Ham,MIN,RB,1,0.72,0.5811764706,0.45,0.72,0.72,0.74
Audric Estime,DEN,RB,1,0.71,0.6788235294,0.64,0.71,0.71,0.74
Jase McClellan,ATL,RB,1,0.67,0.6152941176,0.56,0.67,0.67,0.70
Patrick Ricard,BAL,RB,1,0.64,0.5352941176,0.43,0.64,0.64,0.66
Jeff Wilson Jr.,MIA,RB,1,0.62,0.5923529412,0.56,0.62,0.62,0.65
Jared Wiley,KC,TE,1,0.59,0.4623529412,0.34,0.71,0.59,0.61
Adam Trautman,DEN,TE,1,0.57,0.4641176471,0.36,0.68,0.57,0.59
Tucker Fisk,ATL,TE,1,0.57,0.4535294118,0.34,0.68,0.57,0.59
Nick Nash,ATL,WR,1,0.57,0.4476470588,0.33,0.57,0.57,0.59
Payne Durham,TB,TE,1,0.56,0.4341176471,0.30,0.69,0.56,0.59
Cooper Rush,BAL,QB,1,0.56,0.5610352941,0.56,0.56,0.68,0.58
Cooper Rush,BAL,QB,1,0.56,0.5610352941,0.56,0.56,0.68,0.58
Joshua Dobbs,NE,QB,1,0.56,0.5562823529,0.56,0.56,0.61,0.58
Dominic Lovett,DET,WR,1,0.55,0.4517647059,0.35,0.55,0.55,0.57
Pierre Strong Jr.,CLE,RB,1,0.54,0.5129411765,0.48,0.54,0.54,0.57
Caleb Lohner,DEN,TE,1,0.53,0.4123529412,0.29,0.65,0.53,0.55
D'Onta Foreman,CLE,RB,1,0.53,0.5005882353,0.47,0.53,0.53,0.56
Kimani Vidal,LAC,RB,1,0.53,0.4717647059,0.41,0.53,0.53,0.55
Quincy Skinner,ATL,WR,1,0.53,0.43,0.33,0.53,0.53,0.55
Mac Jones,SF,QB,1,0.52,0.5213176471,0.52,0.52,0.61,0.54
Jimmy Garoppolo,LAR,QB,1,0.51,0.5141176471,0.51,0.51,0.61,0.53
Brandon Powell,MIN,WR,1,0.50,0.3988235294,0.29,0.50,0.50,0.53
Robbie Ouzts,SEA,TE,1,0.50,0.3929411765,0.28,0.62,0.50,0.53
Jameis Winston,NYG,QB,1,0.50,0.4989176471,0.50,0.50,0.57,0.52
Dorian Thompson-Robinson,PHI,QB,1,0.49,0.4913882353,0.49,0.49,0.55,0.51
Tyler Boyd,TEN,WR,1,0.49,0.3805882353,0.27,0.49,0.49,0.51
New KC WR 2,KC,WR,1,0.49,0.3982352941,0.31,0.49,0.49,0.51
Hayden Hurst,LAC,TE,1,0.49,0.38,0.27,0.59,0.49,0.51
Quez Watkins,PIT,WR,1,0.48,0.3876470588,0.29,0.48,0.48,0.51
Desmond Ridder,ARI,QB,1,0.46,0.4601882353,0.46,0.46,0.54,0.48
Marquez Callaway,NO,WR,1,0.46,0.3611764706,0.27,0.46,0.46,0.48
Jake Browning,CIN,QB,1,0.45,0.4500705882,0.45,0.45,0.55,0.47
Malik Willis,GB,QB,1,0.44,0.4421411765,0.44,0.44,0.51,0.46
Hendon Hooker,DET,QB,1,0.43,0.4315294118,0.43,0.43,0.51,0.45
Ke'Shawn Williams,PIT,WR,1,0.43,0.3276470588,0.22,0.43,0.43,0.45
Sione Vaki,DET,RB,1,0.43,0.3970588235,0.36,0.43,0.43,0.45
LaJohntay Wester,BAL,WR,1,0.43,0.3470588235,0.26,0.43,0.43,0.45
Mitchell Trubisky,BUF,QB,1,0.41,0.4074823529,0.41,0.41,0.48,0.43
Marcus Mariota,WAS,QB,1,0.40,0.4023058824,0.40,0.40,0.47,0.42
Kyle Trask,TB,QB,1,0.40,0.3966117647,0.40,0.40,0.48,0.42
Blaine Gabbert,KC,QB,1,0.40,0.3962823529,0.40,0.40,0.47,0.42
Derius Davis,LAC,WR,1,0.39,0.3341176471,0.28,0.39,0.39,0.41
Tyler Johnson,LAR,WR,1,0.39,0.31,0.23,0.39,0.39,0.41
Eric Gray,NYG,RB,1,0.39,0.3211764706,0.26,0.39,0.39,0.41
Dylan Laube,LVR,RB,1,0.38,0.3176470588,0.25,0.38,0.38,0.40
Henry Parrish Jr.,FA,RB,1,0.38,0.3529411765,0.32,0.38,0.38,0.40
Will Levis,TEN,QB,1,0.37,0.3705411765,0.37,0.37,0.42,0.39
Nick Mullens,JAX,QB,1,0.37,0.3698117647,0.37,0.37,0.43,0.39
Tyson Bagent,CHI,QB,1,0.36,0.3606352941,0.36,0.36,0.42,0.38
Josiah Deguara,JAX,TE,1,0.36,0.2658823529,0.17,0.45,0.36,0.38
Carlos Washington,ATL,RB,1,0.35,0.2929411765,0.23,0.35,0.35,0.37
Avery Williams,ATL,RB,1,0.35,0.2929411765,0.23,0.35,0.35,0.37
Jarrett Stidham,DEN,QB,1,0.35,0.3465882353,0.35,0.35,0.42,0.37
Taylor Heinicke,LAC,QB,1,0.34,0.3419529412,0.34,0.34,0.40,0.36
Andy Dalton,CAR,QB,1,0.33,0.3304235294,0.33,0.33,0.38,0.35
Kirk Cousins,ATL,QB,1,0.33,0.3294823529,0.33,0.33,0.39,0.35
Darrynton Evans,CHI,RB,1,0.33,0.3282352941,0.33,0.33,0.33,0.35
Jamison Crowder,WAS,WR,1,0.33,0.2476470588,0.17,0.33,0.33,0.35
Chase Edmonds,TB,RB,1,0.32,0.2570588235,0.19,0.32,0.32,0.35
Raheim Sanders,LAC,RB,1,0.32,0.2929411765,0.26,0.32,0.32,0.34
New MIN TE,MIN,TE,1,0.32,0.2529411765,0.19,0.38,0.32,0.34
Tyrod Taylor,NYJ,QB,1,0.31,0.3084941176,0.31,0.31,0.36,0.33
Aidan O'Connell,LVR,QB,1,0.31,0.3073411765,0.31,0.31,0.36,0.33
Davis Allen,LAR,TE,1,0.30,0.2364705882,0.17,0.37,0.30,0.32
Will Howard,PIT,QB,1,0.29,0.2915529412,0.29,0.29,0.32,0.31
Mason Rudolph,PIT,QB,1,0.29,0.2915529412,0.29,0.29,0.32,0.31
Ainias Smith,PHI,WR,1,0.28,0.2405882353,0.20,0.28,0.28,0.31
Geoff Swaim,ARI,TE,1,0.28,0.2205882353,0.16,0.34,0.28,0.30
New BAL RB,BAL,RB,1,0.27,0.2082352941,0.14,0.27,0.27,0.29
Durham Smythe,CHI,TE,1,0.27,0.2094117647,0.15,0.33,0.27,0.29
Laviska Shenault Jr.,BUF,WR,1,0.27,0.2152941176,0.16,0.27,0.27,0.29
Ian Thomas,CAR,TE,1,0.27,0.2082352941,0.15,0.33,0.27,0.29
Spencer Rattler,NO,QB,1,0.26,0.2647058824,0.26,0.26,0.26,0.29
Nick Vannett,TEN,TE,1,0.26,0.1994117647,0.14,0.32,0.26,0.28
Erik Ezukama,MIA,WR,1,0.26,0.2088235294,0.16,0.26,0.26,0.28
Tejhaun Palmer,ARI,WR,1,0.26,0.2088235294,0.16,0.26,0.26,0.28
Thomas Fidone II,NYG,TE,1,0.26,0.1988235294,0.14,0.32,0.26,0.28
Gerald Everett,CHI,TE,1,0.26,0.2005882353,0.14,0.31,0.26,0.28
Jesper Horsted,LVR,TE,1,0.25,0.1941176471,0.14,0.31,0.25,0.27
Tahj Washington,MIA,WR,1,0.25,0.2029411765,0.15,0.25,0.25,0.27
Blake Whiteheart,CLE,TE,1,0.25,0.19,0.13,0.31,0.25,0.27
John Metchie III,HOU,WR,1,0.25,0.1935294118,0.14,0.25,0.25,0.27
Dee Eskridge,MIA,WR,1,0.25,0.1911764706,0.14,0.25,0.25,0.27
Charlie Jones,CIN,WR,1,0.25,0.1958823529,0.15,0.25,0.25,0.27
Kenny Yeboah,NYJ,TE,1,0.23,0.1811764706,0.13,0.29,0.23,0.25
New PHI WR,PHI,WR,1,0.23,0.1917647059,0.15,0.23,0.23,0.25
Mo Alie-Cox,IND,TE,1,0.23,0.1876470588,0.14,0.28,0.23,0.25
Bo Melton,GB,WR,1,0.23,0.1894117647,0.15,0.23,0.23,0.25
Xavier Restrepo,TEN,WR,1,0.23,0.1811764706,0.13,0.23,0.23,0.25
New JAX WR,JAX,WR,1,0.22,0.17,0.12,0.22,0.22,0.24
Deuce Vaughn,DAL,RB,1,0.22,0.1782352941,0.14,0.22,0.22,0.24
Hassan Haskins,LAC,RB,1,0.22,0.1888235294,0.16,0.22,0.22,0.24
Jalen Reagor,LAC,WR,1,0.21,0.1664705882,0.12,0.21,0.21,0.23
Ameer Abdullah,LVR,RB,1,0.20,0.1676470588,0.14,0.20,0.20,0.22
DJ Chark Jr.,LAC,WR,1,0.20,0.1576470588,0.12,0.20,0.20,0.22
Quinn Ewers,MIA,QB,1,0.19,0.1943529412,0.19,0.19,0.23,0.21
Trayveon Williams,CIN,RB,1,0.19,0.1570588235,0.12,0.19,0.19,0.21
Chris Evans,CIN,RB,1,0.19,0.1570588235,0.12,0.19,0.19,0.21
Nyheim Hines,CLE,RB,1,0.18,0.1523529412,0.12,0.18,0.18,0.20
Ricky White,SEA,WR,1,0.17,0.1376470588,0.10,0.17,0.17,0.19
James Mitchell,DET,TE,1,0.17,0.1358823529,0.10,0.20,0.17,0.19
Davis Mills,HOU,QB,1,0.16,0.1594352941,0.16,0.16,0.19,0.18
Daurice Fountain,DET,WR,1,0.15,0.1194117647,0.09,0.15,0.15,0.17
Cole Turner,WAS,TE,1,0.15,0.1164705882,0.09,0.18,0.15,0.17
Andrew Beck,HOU,RB,1,0.15,0.1135294118,0.08,0.15,0.15,0.17
A.T. Perry,NO,WR,1,0.14,0.1182352941,0.09,0.14,0.14,0.16
Dillon Johnson,TEN,RB,1,0.14,0.1182352941,0.09,0.14,0.14,0.16
Jonathan Ward,TEN,RB,1,0.14,0.1182352941,0.09,0.14,0.14,0.16
Michael Jacobson,NO,TE,1,0.14,0.1141176471,0.08,0.17,0.14,0.16
Justin Shorter,BUF,WR,1,0.14,0.1164705882,0.09,0.14,0.14,0.16
Rondale Moore,MIN,WR,1,0.14,0.1135294118,0.09,0.14,0.14,0.16
Graham Mertz,HOU,QB,1,0.14,0.1394352941,0.14,0.14,0.17,0.16
Josh Ali,ATL,WR,1,0.14,0.1123529412,0.09,0.14,0.14,0.16
Sincere McCormick,LVR,RB,1,0.14,0.1376470588,0.14,0.14,0.14,0.16
Equanimeous St. Brown,CHI,WR,1,0.14,0.11,0.08,0.14,0.14,0.16
Kendrick Bourne,NE,WR,1,0.13,0.1064705882,0.08,0.13,0.13,0.15
Kyle McCord,PHI,QB,1,0.13,0.1327529412,0.13,0.13,0.16,0.15
Carson Steele,KC,RB,1,0.13,0.1317647059,0.13,0.13,0.13,0.15
Quintin Morris,BUF,TE,1,0.13,0.1,0.07,0.16,0.13,0.15
Jalen Guyton,LVR,WR,1,0.13,0.1035294118,0.08,0.13,0.13,0.15
Dallin Holker,NO,TE,1,0.13,0.1035294118,0.08,0.15,0.13,0.15
Isaiah Hodgins,NYG,WR,1,0.12,0.09705882353,0.07,0.12,0.12,0.14
Jackson Meeks,DET,WR,1,0.12,0.09882352941,0.08,0.12,0.12,0.14
Bisi Johnson,MIN,WR,1,0.12,0.09882352941,0.08,0.12,0.12,0.14
Riley Leonard,IND,QB,1,0.12,0.1216941176,0.12,0.12,0.15,0.14
Javon Baker,NE,WR,1,0.12,0.09764705882,0.07,0.12,0.12,0.14
Jacob Cowing,SF,WR,1,0.12,0.09117647059,0.06,0.12,0.12,0.14
Eric Saubert,SF,TE,1,0.12,0.08823529412,0.06,0.15,0.12,0.14
Brayden Willis,SF,TE,1,0.12,0.08823529412,0.06,0.15,0.12,0.14
Luke Lachey,HOU,TE,1,0.12,0.08705882353,0.06,0.15,0.12,0.14
Teagan Quitoriano,HOU,TE,1,0.12,0.08705882353,0.06,0.15,0.12,0.14
New PHI WR 2,PHI,WR,1,0.12,0.09176470588,0.07,0.12,0.12,0.14
Velus Jones Jr.,CHI,WR,1,0.11,0.08941176471,0.07,0.11,0.11,0.13
Trey Palmer,TB,WR,1,0.11,0.08823529412,0.06,0.11,0.11,0.13
Anthony Gould,IND,WR,1,0.11,0.09117647059,0.07,0.11,0.11,0.13
Casey Washington,ATL,WR,1,0.11,0.08235294118,0.06,0.11,0.11,0.13
Skyy Moore,KC,WR,1,0.11,0.08235294118,0.06,0.11,0.11,0.13
Joaquin Davis,DEN,WR,1,0.11,0.08235294118,0.06,0.11,0.11,0.13
Isaiah McKenzie,NYG,WR,1,0.11,0.07941176471,0.05,0.11,0.11,0.13
Ko Kieft,TB,TE,1,0.11,0.07647058824,0.05,0.14,0.11,0.13
Xavier Weaver,ARI,WR,1,0.10,0.07647058824,0.05,0.10,0.10,0.12
Muhsin Muhammad III,CAR,WR,1,0.10,0.07647058824,0.05,0.10,0.10,0.12
New ARI WR 2,ARI,WR,1,0.09,0.07058823529,0.05,0.09,0.09,0.11
Xavier Hutchinson,HOU,WR,1,0.09,0.07058823529,0.05,0.09,0.09,0.11
Jason Brownlee,NYJ,WR,1,0.09,0.06764705882,0.05,0.09,0.09,0.11
Malik Taylor,NYJ,WR,1,0.08,0.05588235294,0.04,0.08,0.08,0.10
Irvin Charles,NYJ,WR,1,0.08,0.05588235294,0.04,0.08,0.08,0.10
Tyler Goodson,IND,RB,1,0.07,0.06941176471,0.07,0.07,0.07,0.09
Junior Bergen,SF,WR,1,0.06,0.05,0.04,0.06,0.06,0.08
Dontrell Hilliard,TEN,RB,1,0.03,0.03294117647,0.03,0.03,0.03,0.05
George Holani,SEA,RB,1,0.03,0.02823529412,0.03,0.03,0.03,0.05
Myles Gaskin,MIN,RB,1,0.00,0,0.00,0.00,0.00,0.02
Random Player,FA,RB,1,0.00,0,0.00,0.00,0.00,0.02
New GB RB,GB,RB,1,0.00,0,0.00,0.00,0.00,0.02
Random Player,FA,RB,1,0.00,0,0.00,0.00,0.00,0.02
New LAC RB,LAC,RB,1,0.00,0,0.00,0.00,0.00,0.02
Byron Pringle,WAS,WR,1,0.00,0,0.00,0.00,0.00,0.02
Cody Schrader,SF,RB,1,0.00,0,0.00,0.00,0.00,0.02
D'Ernest Johnson,JAX,RB,1,0.00,0,0.00,0.00,0.00,0.02
Israel Abanikanda,NYJ,RB,1,0.00,0,0.00,0.00,0.00,0.02
Lew Nichols,PHI,RB,1,0.00,0,0.00,0.00,0.00,0.02
Braxton Berrios,HOU,WR,1,0.00,0,0.00,0.00,0.00,0.02
Random Player,FA,RB,1,0.00,0,0.00,0.00,0.00,0.02
Jonathon Brooks,CAR,RB,1,0.00,0,0.00,0.00,0.00,0.02
Blake Watson,DEN,RB,1,0.00,0,0.00,0.00,0.00,0.02
JaMycal Hasty,NE,RB,1,0.00,0,0.00,0.00,0.00,0.02
Kevin Harris,NE,RB,1,0.00,0,0.00,0.00,0.00,0.02
Jashaun Corbin,NYG,RB,1,0.00,0,0.00,0.00,0.00,0.02
Dante Miller,NYG,RB,1,0.00,0,0.00,0.00,0.00,0.02
New JAX WR 3,JAX,WR,1,0.00,0,0.00,0.00,0.00,0.02
Sterlng Shepard,TB,WR,1,0.00,0,0.00,0.00,0.00,0.02
Random Player,FA,RB,1,0.00,0,0.00,0.00,0.00,0.02
Random Player,FA,RB,1,0.00,0,0.00,0.00,0.00,0.02
Random Player,FA,RB,1,0.00,0,0.00,0.00,0.00,0.02
Random Player,FA,RB,1,0.00,0,0.00,0.00,0.00,0.02
Random Player,FA,RB,1,0.00,0,0.00,0.00,0.00,0.02
Random Player,FA,RB,1,0.00,0,0.00,0.00,0.00,0.02
Random Player,FA,RB,1,0.00,0,0.00,0.00,0.00,0.02
Random Player,FA,RB,1,0.00,0,0.00,0.00,0.00,0.02
Random Player,FA,RB,1,0.00,0,0.00,0.00,0.00,0.02
Random Player,FA,RB,1,0.00,0,0.00,0.00,0.00,0.02
Random Player,FA,RB,1,0.00,0,0.00,0.00,0.00,0.02
Random Player,FA,RB,1,0.00,0,0.00,0.00,0.00,0.02
Random Player,FA,RB,1,0.00,0,0.00,0.00,0.00,0.02
Random Player,FA,RB,1,0.00,0,0.00,0.00,0.00,0.02
Random Player,FA,RB,1,0.00,0,0.00,0.00,0.00,0.02
Random Player,FA,RB,1,0.00,0,0.00,0.00,0.00,0.02
Random Player,FA,RB,1,0.00,0,0.00,0.00,0.00,0.02
Random Player,FA,RB,1,0.00,0,0.00,0.00,0.00,0.02
Random Player,FA,RB,1,0.00,0,0.00,0.00,0.00,0.02
Random Player,FA,RB,1,0.00,0,0.00,0.00,0.00,0.02
Random Player,FA,RB,1,0.00,0,0.00,0.00,0.00,0.02
Random Player,FA,RB,1,0.00,0,0.00,0.00,0.00,0.02
Random Player,FA,RB,1,0.00,0,0.00,0.00,0.00,0.02
Random Player,FA,RB,1,0.00,0,0.00,0.00,0.00,0.02
Random Player,FA,RB,1,0.00,0,0.00,0.00,0.00,0.02
Random Player,FA,RB,1,0.00,0,0.00,0.00,0.00,0.02
Random Player,FA,RB,1,0.00,0,0.00,0.00,0.00,0.02
Random Player,FA,RB,1,0.00,0,0.00,0.00,0.00,0.02
Random Player,FA,RB,1,0.00,0,0.00,0.00,0.00,0.02
Random Player,FA,RB,1,0.00,0,0.00,0.00,0.00,0.02
Random Player,FA,RB,1,0.00,0,0.00,0.00,0.00,0.02
Random Player,FA,RB,1,0.00,0,0.00,0.00,0.00,0.02
Random Player,FA,RB,1,0.00,0,0.00,0.00,0.00,0.02
Random Player,FA,RB,1,0.00,0,0.00,0.00,0.00,0.02
Random Player,FA,RB,1,0.00,0,0.00,0.00,0.00,0.02
Random Player,FA,RB,1,0.00,0,0.00,0.00,0.00,0.02
Random Player,FA,RB,1,0.00,0,0.00,0.00,0.00,0.02
Random Player,FA,RB,1,0.00,0,0.00,0.00,0.00,0.02
Random Player,FA,RB,1,0.00,0,0.00,0.00,0.00,0.02
Random Player,FA,RB,1,0.00,0,0.00,0.00,0.00,0.02
Random Player,FA,RB,1,0.00,0,0.00,0.00,0.00,0.02
Random Player,FA,RB,1,0.00,0,0.00,0.00,0.00,0.02
Random Player,FA,RB,1,0.00,0,0.00,0.00,0.00,0.02
Random Player,FA,RB,1,0.00,0,0.00,0.00,0.00,0.02
Random Player,FA,RB,1,0.00,0,0.00,0.00,0.00,0.02
Random Player,FA,RB,1,0.00,0,0.00,0.00,0.00,0.02
Random Player,FA,RB,1,0.00,0,0.00,0.00,0.00,0.02
Random Player,FA,RB,1,0.00,0,0.00,0.00,0.00,0.02
Rakim Jarrett,TB,WR,1,0.00,0,0.00,0.00,0.00,0.02
Ronnie Rivers,LAR,RB,1,0.00,0,0.00,0.00,0.00,0.02
Tyler Davis,GB,TE,1,0.00,0,0.00,0.00,0.00,0.02
Random Player,FA,RB,1,0.00,0,0.00,0.00,0.00,0.02
Random Player,FA,RB,1,0.00,0,0.00,0.00,0.00,0.02
Random Player,FA,RB,1,0.00,0,0.00,0.00,0.00,0.02
Random Player,FA,RB,1,0.00,0,0.00,0.00,0.00,0.02
Random Player,FA,RB,1,0.00,0,0.00,0.00,0.00,0.02
Random Player,FA,RB,1,0.00,0,0.00,0.00,0.00,0.02
Random Player,FA,RB,1,0.00,0,0.00,0.00,0.00,0.02
Random Player,FA,RB,1,0.00,0,0.00,0.00,0.00,0.02
Lideatrick Griffin,LVR,WR,1,0.00,0,0.00,0.00,0.00,0.02
Random Player,FA,RB,1,0.00,0,0.00,0.00,0.00,0.02
Random Player,FA,RB,1,0.00,0,0.00,0.00,0.00,0.02
Albert Okwuegbunam,PHI,TE,1,0.00,0,0.00,0.00,0.00,0.02
Random Player,FA,RB,1,0.00,0,0.00,0.00,0.00,0.02
Zach Pascal,NYG,WR,1,0.00,0,0.00,0.00,0.00,0.02
Lil'Jordan Humphrey,NYG,WR,1,0.00,0,0.00,0.00,0.00,0.02
Scott Miller,PIT,WR,1,0.00,0,0.00,0.00,0.00,0.02
Random Player,FA,RB,1,0.00,0,0.00,0.00,0.00,0.02
Clyde Edwards-Helaire,KC,RB,1,0.00,0,0.00,0.00,0.00,0.02
Frank Gore Jr.,BUF,RB,1,0.00,0,0.00,0.00,0.00,0.02
Derek Watt,PIT,RB,1,0.00,0,0.00,0.00,0.00,0.02
Ty James,MIN,WR,1,0.00,0,0.00,0.00,0.00,0.02
Raheem Blackshear,CAR,RB,1,0.00,0,0.00,0.00,0.00,0.02
Josh Williams,TB,RB,1,0.00,0,0.00,0.00,0.00,0.02
Hunter Luepke,DAL,RB,1,0.00,0,0.00,0.00,0.00,0.02
Nikko Remigio,KC,WR,1,0.00,0,0.00,0.00,0.00,0.02
New SF RB,SF,RB,1,0.00,0,0.00,0.00,0.00,0.02
Jelani Woods,IND,TE,1,0.00,0,0.00,0.00,0.00,0.02
New MIA TE 2,MIA,TE,1,0.00,0,0.00,0.00,0.00,0.02
Peyton Hendershot,KC,TE,1,0.00,0,0.00,0.00,0.00,0.02
New KC WR,KC,WR,1,0.00,0,0.00,0.00,0.00,0.02
Britain Covey,PHI,WR,1,0.00,0,0.00,0.00,0.00,0.02
Tanner McLachlan,CIN,TE,1,0.00,0,0.00,0.00,0.00,0.02
Mitchell Wilcox,NE,TE,1,0.00,0,0.00,0.00,0.00,0.02
Ty Montgomery,NE,RB,1,0.00,0,0.00,0.00,0.00,0.02
Anthony McFarland Jr.,PIT,RB,1,0.00,0,0.00,0.00,0.00,0.02
Tru Edwards,LAR,WR,1,0.00,0,0.00,0.00,0.00,0.02
Brycen Hopkins,LAR,TE,1,0.00,0,0.00,0.00,0.00,0.02
Dare Ogunbowale,HOU,RB,1,0.00,0,0.00,0.00,0.00,0.02
Trishton Jackson,MIN,WR,1,0.00,0,0.00,0.00,0.00,0.02
Ronnie Bell,SF,WR,1,0.00,0,0.00,0.00,0.00,0.02
Hal Presley,BUF,WR,1,0.00,0,0.00,0.00,0.00,0.02
Jermar Jefferson,DET,RB,1,0.00,0,0.00,0.00,0.00,0.02
Anthony Schwartz,MIA,WR,1,0.00,0,0.00,0.00,0.00,0.02
Tim Jones,JAX,WR,1,0.00,0,0.00,0.00,0.00,0.02
DeeJay Dallas,ARI,RB,1,0.00,0,0.00,0.00,0.00,0.02
Random Player,FA,RB,1,0.00,0,0.00,0.00,0.00,0.02
Boston Scott,LAR,RB,1,0.00,0,0.00,0.00,0.00,0.02
Jake Briningstool,KC,TE,1,0.00,0,0.00,0.00,0.00,0.02
Jordan Moore,CIN,WR,1,0.00,0,0.00,0.00,0.00,0.02
Chris Conley,SF,WR,1,0.00,0,0.00,0.00,0.00,0.02
James Proche,CLE,WR,1,0.00,0,0.00,0.00,0.00,0.02
Danny Gray,SF,WR,1,0.00,0,0.00,0.00,0.00,0.02
Random Player,FA,RB,1,0.00,0,0.00,0.00,0.00,0.02
Random Player,FA,RB,1,0.00,0,0.00,0.00,0.00,0.02
Jacoby Brissett,ARI,QB,1,0.00,0,0.00,0.00,0.00,0.02
New ATL QB,ATL,QB,1,0.00,0,0.00,0.00,0.00,0.02
Devin Leary,BAL,QB,1,0.00,0,0.00,0.00,0.00,0.02
Nick Boyle,BAL,TE,1,0.00,0,0.00,0.00,0.00,0.02
Matt Barkley,BUF,QB,1,0.00,0,0.00,0.00,0.00,0.02
Reggie Gilliam,BUF,TE,1,0.00,0,0.00,0.00,0.00,0.02
Matt Corral,CAR,QB,1,0.00,0,0.00,0.00,0.00,0.02
Reid Sinnett,CIN,QB,1,0.00,0,0.00,0.00,0.00,0.02
Stanley Morgan,CIN,WR,1,0.00,0,0.00,0.00,0.00,0.02
Sean McKeon,DAL,TE,1,0.00,0,0.00,0.00,0.00,0.02
New DEN QB,DEN,QB,1,0.00,0,0.00,0.00,0.00,0.02
Teddy Bridgewater,DET,QB,1,0.00,0,0.00,0.00,0.00,0.02
Jason Cabinda,DET,RB,1,0.00,0,0.00,0.00,0.00,0.02
Anthony Firkser,DET,TE,1,0.00,0,0.00,0.00,0.00,0.02
New DET TE,DET,TE,1,0.00,0,0.00,0.00,0.00,0.02
Michael Pratt,GB,QB,1,0.00,0,0.00,0.00,0.00,0.02
Mecole Hardman Jr.,GB,WR,1,0.00,0,0.00,0.00,0.00,0.02
New GB TE,GB,TE,1,0.00,0,0.00,0.00,0.00,0.02
Ben Sims,GB,TE,1,0.00,0,0.00,0.00,0.00,0.02
New GB TE 2,GB,TE,1,0.00,0,0.00,0.00,0.00,0.02
Case Keenum,HOU,QB,1,0.00,0,0.00,0.00,0.00,0.02
Tyler Kahmann,IND,WR,1,0.00,0,0.00,0.00,0.00,0.02
Seth Henigan,JAX,QB,1,0.00,0,0.00,0.00,0.00,0.02
Shane Buechele,KC,QB,1,0.00,0,0.00,0.00,0.00,0.02
Trey Lance,LAC,QB,1,0.00,0,0.00,0.00,0.00,0.02
Stetson Bennett,LAR,QB,1,0.00,0,0.00,0.00,0.00,0.02
Carson Wentz,LAR,QB,1,0.00,0,0.00,0.00,0.00,0.02
Austin Trammell,LAR,WR,1,0.00,0,0.00,0.00,0.00,0.02
Gardner Minshew II,LVR,QB,1,0.00,0,0.00,0.00,0.00,0.02
Brett Rypien,MIN,QB,1,0.00,0,0.00,0.00,0.00,0.02
Max Brosmer,MIN,QB,1,0.00,0,0.00,0.00,0.00,0.02
New NE QB,NE,QB,1,0.00,0,0.00,0.00,0.00,0.02
Tommy DeVito,NYG,QB,1,0.00,0,0.00,0.00,0.00,0.02
Jordan Travis,NYJ,QB,1,0.00,0,0.00,0.00,0.00,0.02
Trevor Siemian,NYJ,QB,1,0.00,0,0.00,0.00,0.00,0.02
Nick Bawden,NYJ,RB,1,0.00,0,0.00,0.00,0.00,0.02
Donovan Edwards,NYJ,RB,1,0.00,0,0.00,0.00,0.00,0.02
New NYJ RB 4,NYJ,RB,1,0.00,0,0.00,0.00,0.00,0.02
Montrell Johnson Jr.,PHI,RB,1,0.00,0,0.00,0.00,0.00,0.02
Noah Togiai,PHI,TE,1,0.00,0,0.00,0.00,0.00,0.02
Zach Gentry,PIT,TE,1,0.00,0,0.00,0.00,0.00,0.02
Rodney Williams,PIT,TE,1,0.00,0,0.00,0.00,0.00,0.02
Random Person,SEA,RB,1,0.00,0,0.00,0.00,0.00,0.02
Random Person,SEA,RB,1,0.00,0,0.00,0.00,0.00,0.02
Cody Thompson,SEA,WR,1,0.00,0,0.00,0.00,0.00,0.02
Laquon Treadwell,SEA,WR,1,0.00,0,0.00,0.00,0.00,0.02
Kurtis Rourke,SF,QB,1,0.00,0,0.00,0.00,0.00,0.02
Tyrion Davis-Price,SF,RB,1,0.00,0,0.00,0.00,0.00,0.02
New TEN QB 2,TEN,QB,1,0.00,0,0.00,0.00,0.00,0.02
Jeff Driskel,WAS,QB,1,0.00,0,0.00,0.00,0.00,0.02
Wendell Smallwood,WAS,RB,1,0.00,0,0.00,0.00,0.00,0.02
Jonathan Williams,WAS,RB,1,0.00,0,0.00,0.00,0.00,0.02
Marcus Kemp,WAS,WR,1,0.00,0,0.00,0.00,0.00,0.02
Curtis Hodges,WAS,TE,1,0.00,0,0.00,0.00,0.00,0.02
Random Player,FA,RB,1,0.00,0,0.00,0.00,0.00,0.02