"Player Name","Team","Pos","Games","PPR","1.5 TE","Half","Std","6 Pt Pass","ADP"
"Josh Allen","BUF","QB","17","377.8","377.8","377.8","377.8","443.4","1"
"Jalen Hurts","PHI","QB","17","361.6","361.6","361.6","361.6","412.0","2"
"Lamar Jackson","BAL","QB","17","345.3","345.3","345.3","345.3","398.1","3"
"Patrick Mahomes","KC","QB","17","329.7","329.7","329.7","329.7","395.1","4"
"Anthony Richardson","IND","QB","17","327.3","327.3","327.3","327.3","368.2","6"
"Dak Prescott","DAL","QB","17","325.6","325.6","325.6","325.6","397.6","8"
"Christian McCaffrey","SF","RB","17","360.7","360.7","325.3","289.9","360.7","1"
"CJ Stroud","HOU","QB","17","324.6","324.6","324.6","324.6","389.6","5"
"Jordan Love","GB","QB","17","316.2","316.2","316.2","316.2","383.0","10"
"Justin Fields","CHI","QB","17","312.9","312.9","312.9","312.9","356.5","9"
"Joe Burrow","CIN","QB","17","311.6","311.6","311.6","311.6","380.2","7"
"Justin Herbert","LAC","QB","17","297.2","297.2","297.2","297.2","352.4","11"
"Brock Purdy","SF","QB","17","291.9","291.9","291.9","291.9","350.6","13"
"CeeDee Lamb","DAL","WR","17","352.3","352.3","291.3","230.2","352.3","1"
"Tua Tagovailoa","MIA","QB","17","288.5","288.5","288.5","288.5","349.2","14"
"Trevor Lawrence","JAX","QB","17","288.2","288.2","288.2","288.2","338.5","15"
"Kyler Murray","ARI","QB","17","284.3","284.3","284.3","284.3","322.1","12"
"Breece Hall","NYJ","RB","17","319.4","319.4","281.7","244.0","319.4","2"
"Jared Goff","DET","QB","17","279.4","279.4","279.4","279.4","335.5","17"
"Justin Jefferson","MIN","WR","17","334.5","334.5","278.0","221.6","334.5","3"
"Tyreek Hill","MIA","WR","17","333.3","333.3","276.6","219.9","333.3","2"
"Caleb Williams","FA","QB","17","276.3","276.3","276.3","276.3","331.5","16"
"Kirk Cousins","MIN","QB","17","272.0","272.0","272.0","272.0","329.8","20"
"Jayden Daniels","FA","QB","17","269.6","269.6","269.6","269.6","316.8","18"
"Bijan Robinson","ATL","RB","17","292.9","292.9","263.8","234.7","292.9","3"
"Aaron Rodgers","NYJ","QB","17","256.3","256.3","256.3","256.3","309.8","21"
"Ja'Marr Chase","CIN","WR","17","309.1","309.1","255.5","201.9","309.1","4"
"Baker Mayfield","TB","QB","17","254.1","254.1","254.1","254.1","303.9","24"
"Deshaun Watson","CLE","QB","17","253.7","253.7","253.7","253.7","299.1","23"
"Amon-Ra St. Brown","DET","WR","17","311.3","311.3","253.6","195.8","311.3","5"
"Matthew Stafford","LAR","QB","17","251.9","251.9","251.9","251.9","299.0","19"
"Geno Smith","SEA","QB","17","249.6","249.6","249.6","249.6","301.0","25"
"Russell Wilson","FA","QB","17","248.4","248.4","248.4","248.4","295.1","30"
"Drake Maye","FA","QB","17","246.4","246.4","246.4","246.4","294.2","22"
"Derek Carr","NO","QB","17","246.0","246.0","246.0","246.0","298.8","27"
"Puka Nacua","LAR","WR","17","287.7","287.7","237.5","187.3","287.7","6"
"Daniel Jones","NYG","QB","17","235.2","235.2","235.2","235.2","269.9","26"
"A.J. Brown","PHI","WR","17","278.3","278.3","230.5","182.7","278.3","7"
"Jahmyr Gibbs","DET","RB","17","258.1","258.1","230.0","201.8","258.1","4"
"Bryce Young","CAR","QB","17","222.2","222.2","222.2","222.2","261.0","29"
"Jonathan Taylor","IND","RB","17","231.5","231.5","217.7","204.0","231.5","6"
"Garrett Wilson","NYJ","WR","17","267.2","267.2","217.6","168.0","267.2","8"
"Kyren Williams","LAR","RB","17","229.0","229.0","215.4","201.7","229.0","5"
"New WAS QB","WAS","QB","17","211.9","211.9","211.9","211.9","252.1",""
"DJ Moore","CHI","WR","17","252.5","252.5","208.4","164.2","252.5","10"
"Travis Etienne Jr.","JAX","RB","17","227.9","227.9","206.6","185.3","227.9","9"
"Devon Achane","MIA","RB","17","224.6","224.6","204.9","185.2","224.6","7"
"Michael Penix Jr.","FA","QB","17","204.9","204.9","204.9","204.9","250.0","32"
"New DEN QB","DEN","QB","17","204.7","204.7","204.7","204.7","245.4",""
"Saquon Barkley","NYG","RB","17","226.3","226.3","204.2","182.0","226.3","8"
"Will Levis","TEN","QB","17","203.9","203.9","203.9","203.9","239.5","28"
"Nico Collins","HOU","WR","17","241.3","241.3","203.0","164.8","241.3","9"
"Rashee Rice","KC","WR","17","248.5","248.5","202.3","156.2","248.5","12"
"Davante Adams","LVR","WR","17","247.2","247.2","201.7","156.2","247.2","15"
"Deebo Samuel","SF","WR","17","235.4","235.4","201.7","167.9","235.4","14"
"Marvin Harrison Jr.","FA","WR","17","244.8","244.8","201.6","158.4","244.8","11"
"Bo Nix","FA","QB","17","199.0","199.0","199.0","199.0","241.5","33"
"Stefon Diggs","BUF","WR","17","244.2","244.2","198.0","151.8","244.2","16"
"Isiah Pacheco","KC","RB","17","215.3","215.3","197.6","179.9","215.3","10"
"New NE QB","NE","QB","17","197.5","197.5","197.5","197.5","234.7",""
"Kenny Pickett","PIT","QB","17","196.8","196.8","196.8","196.8","228.0","34"
"Brandon Aiyuk","SF","WR","17","235.5","235.5","196.5","157.5","235.5","13"
"Chris Olave","NO","WR","17","239.6","239.6","196.4","153.2","239.6","17"
"Michael Pittman Jr.","IND","WR","17","247.2","247.2","196.1","145.1","247.2","19"
"Rachaad White","TB","RB","17","217.6","217.6","193.1","168.6","217.6","11"
"Mike Evans","TB","WR","17","228.5","228.5","192.4","156.3","228.5","21"
"James Cook","BUF","RB","17","211.1","211.1","191.6","172.1","211.1","12"
"Jaylen Waddle","MIA","WR","17","227.9","227.9","189.3","150.6","227.9","22"
"Ken Walker","SEA","RB","17","199.8","199.8","188.5","177.3","199.8","13"
"Tank Dell","HOU","WR","17","222.1","222.1","187.2","152.3","222.1","18"
"Josh Jacobs","LVR","RB","17","200.4","200.4","184.4","168.4","200.4","14"
"Malik Nabers","FA","WR","17","223.7","223.7","183.9","144.1","223.7","23"
"DeVonta Smith","PHI","WR","17","223.7","223.7","183.2","142.7","223.7","25"
"Alvin Kamara","NO","RB","17","209.6","209.6","183.2","156.7","209.6","15"
"Rhamondre Stevenson","NE","RB","17","206.9","206.9","182.5","158.1","206.9","21"
"DK Metcalf","SEA","WR","17","215.1","215.1","181.8","148.5","215.1","20"
"Nick Chubb","CLE","RB","14","194.6","194.6","181.8","169.0","194.6","19"
"Cooper Kupp","LAR","WR","17","223.7","223.7","181.7","139.7","223.7","26"
"Drake London","ATL","WR","17","222.1","222.1","181.5","140.9","222.1","27"
"Desmond Ridder","ATL","QB","17","181.3","181.3","181.3","181.3","212.9","41"
"Sam LaPorta","DET","TE","17","227.4","273.9","180.9","134.4","227.4","1"
"Derrick Henry","TEN","RB","17","193.9","193.9","180.6","167.3","193.9","16"
"David Montgomery","DET","RB","17","187.9","187.9","180.4","172.9","187.9","20"
"Aaron Jones","GB","RB","17","197.7","197.7","179.7","161.6","197.7","17"
"Austin Ekeler","LAC","RB","17","199.6","199.6","178.9","158.3","199.6","22"
"Tyjae Spears","TEN","RB","17","205.4","205.4","178.7","151.9","205.4","18"
"Najee Harris","PIT","RB","17","191.7","191.7","177.9","164.2","191.7","26"
"Travis Kelce","KC","TE","17","220.6","263.8","177.3","134.1","220.6","2"
"Zay Flowers","BAL","WR","17","217.8","217.8","176.9","136.0","217.8","29"
"Tee Higgins","CIN","WR","17","210.5","210.5","176.6","142.7","210.5","28"
"Keenan Allen","LAC","WR","17","221.3","221.3","176.0","130.7","221.3","24"
"Tony Pollard","DAL","RB","17","199.6","199.6","175.9","152.2","199.6","23"
"Jayden Reed","GB","WR","17","209.3","209.3","173.9","138.5","209.3","31"
"Joe Mixon","CIN","RB","17","191.1","191.1","172.5","153.9","191.1","24"
"Amari Cooper","CLE","WR","17","208.6","208.6","171.9","135.1","208.6","30"
"Jordan Addison","MIN","WR","17","211.5","211.5","171.6","131.6","211.5","32"
"Calvin Ridley","JAX","WR","17","207.4","207.4","171.2","135.1","207.4","34"
"Terry McLaurin","WAS","WR","17","209.0","209.0","170.5","132.1","209.0","35"
"Rome Odunze","FA","WR","17","206.4","206.4","170.2","134.0","206.4","33"
"Chris Godwin","TB","WR","17","208.9","208.9","168.1","127.4","208.9","39"
"George Pickens","PIT","WR","17","200.6","200.6","166.9","133.2","200.6","37"
"James Conner","ARI","RB","17","184.3","184.3","166.7","149.0","184.3","25"
"DeAndre Hopkins","TEN","WR","17","204.0","204.0","166.1","128.2","204.0","40"
"Christian Kirk","JAX","WR","17","204.0","204.0","166.0","128.0","204.0","38"
"Brian Robinson Jr.","WAS","RB","17","181.4","181.4","164.6","147.7","181.4","28"
"D'Andre Swift","PHI","RB","17","181.0","181.0","163.5","146.0","181.0","31"
"Jaylen Warren","PIT","RB","17","187.8","187.8","163.1","138.4","187.8","30"
"Trey McBride","ARI","TE","17","201.4","245.1","157.7","114.0","201.4","3"
"Mark Andrews","BAL","TE","17","190.1","224.6","155.5","121.0","190.1","4"
"Javonte Williams","DEN","RB","17","173.0","173.0","154.2","135.3","173.0","29"
"Brian Thomas Jr.","FA","WR","17","181.2","181.2","149.4","117.7","181.2","41"
"George Kittle","SF","TE","17","178.9","210.2","147.5","116.2","178.9","6"
"Jaxon Smith-Njigba","SEA","WR","17","180.6","180.6","144.8","109.0","180.6","36"
"Christian Watson","GB","WR","17","167.8","167.8","142.9","118.1","167.8","42"
"Dalton Kincaid","BUF","TE","17","181.3","220.0","142.7","104.0","181.3","5"
"J.J. McCarthy","FA","QB","17","141.2","141.2","141.2","141.2","173.1","31"
"Diontae Johnson","PIT","WR","17","177.2","177.2","140.9","104.6","177.2","45"
"Evan Engram","JAX","TE","17","182.1","224.2","140.0","97.9","182.1","8"
"Ravens D/ST","BAL","D/ST","17","140.0","140.0","140.0","140.0","140.0","28"
"Jake Ferguson","DAL","TE","17","173.5","207.3","139.7","105.9","173.5","10"
"Romeo Doubs","GB","WR","17","170.8","170.8","139.3","107.7","170.8","43"
"Bills D/ST","BUF","D/ST","17","139.0","139.0","139.0","139.0","139.0","28"
"Jakobi Meyers","LVR","WR","17","171.0","171.0","138.1","105.2","171.0","46"
"Jets D/ST","NYJ","D/ST","17","138.0","138.0","138.0","138.0","138.0","28"
"Browns D/ST","CLE","D/ST","17","137.0","137.0","137.0","137.0","137.0","28"
"Jameson Williams","DET","WR","17","159.1","159.1","135.6","112.0","159.1","47"
"Brock Bowers","FA","TE","17","168.1","201.1","135.1","102.2","168.1","7"
"Josh Downs","IND","WR","17","168.0","168.0","134.3","100.6","168.0","48"
"Cowboys D/ST","DAL","D/ST","17","134.0","134.0","134.0","134.0","134.0","28"
"Courtland Sutton","DEN","WR","17","163.0","163.0","133.8","104.5","163.0","44"
"Raheem Mostert","MIA","RB","17","141.9","141.9","133.3","124.6","141.9","27"
"New LVR QB","LVR","QB","17","133.2","133.2","133.2","133.2","164.1",""
"David Njoku","CLE","TE","17","166.3","199.7","133.0","99.6","166.3","9"
"Kyle Pitts","ATL","TE","17","161.8","192.0","131.6","101.4","161.8","11"
"Chuba Hubbard","CAR","RB","17","146.6","146.6","131.5","116.5","146.6","34"
"Mike Williams","LAC","WR","17","159.9","159.9","131.2","102.6","159.9","49"
"Devin Singletary","HOU","RB","17","142.8","142.8","131.0","119.3","142.8","33"
"T.J. Hockenson","MIN","TE","17","164.0","197.9","130.1","96.2","164.0","12"
"Marquise Brown","ARI","WR","17","160.1","160.1","129.6","99.0","160.1","50"
"Chase Brown","CIN","RB","17","139.0","139.0","128.2","117.3","139.0","32"
"Jahan Dotson","WAS","WR","17","156.1","156.1","125.9","95.8","156.1","55"
"Troy Franklin","FA","WR","17","153.7","153.7","125.9","98.1","153.7","51"
"Zach Charbonnet","SEA","RB","17","139.8","139.8","125.1","110.4","139.8","37"
"Rashid Shaheed","NO","WR","17","147.5","147.5","125.0","102.4","147.5","56"
"49ers D/ST","SF","D/ST","17","124.0","124.0","124.0","124.0","124.0","28"
"Tyler Lockett","SEA","WR","17","152.5","152.5","124.0","95.6","152.5","54"
"Cole Kmet","CHI","TE","17","154.7","185.7","123.7","92.7","154.7","14"
"Dolphins D/ST","MIA","D/ST","17","123.0","123.0","123.0","123.0","123.0","28"
"Raiders D/ST","LV","D/ST","17","122.0","122.0","122.0","122.0","122.0","28"
"Saints D/ST","NO","D/ST","17","121.0","121.0","121.0","121.0","121.0","28"
"Dallas Goedert","PHI","TE","17","151.7","183.4","120.0","88.2","151.7","13"
"Colts D/ST","IND","D/ST","17","120.0","120.0","120.0","120.0","120.0","28"
"Khalil Shakir","BUF","WR","17","143.9","143.9","119.7","95.6","143.9","52"
"Roschon Johnson","CHI","RB","17","134.5","134.5","118.8","103.1","134.5","35"
"Dontayvion Wicks","GB","WR","17","143.3","143.3","118.5","93.8","143.3","58"
"Adonai Mitchell","FA","WR","17","145.0","145.0","118.0","91.1","145.0","59"
"Jerry Jeudy","DEN","WR","17","142.9","142.9","117.9","92.8","142.9","57"
"Ty Chandler","MIN","RB","17","127.2","127.2","117.0","106.9","127.2","36"
"Keon Coleman","FA","WR","17","143.9","143.9","117.0","90.0","143.9","53"
"Zamir White","LVR","RB","17","122.7","122.7","116.4","110.1","122.7","38"
"Dalton Schultz","HOU","TE","17","140.7","168.5","112.9","85.0","140.7","15"
"Brandin Cooks","DAL","WR","17","136.5","136.5","112.6","88.7","136.5","61"
"Xavier Worthy","FA","WR","17","138.1","138.1","112.5","86.8","138.1","63"
"Bucs D/ST","TB","D/ST","17","112.0","112.0","112.0","112.0","112.0","28"
"Jonathon Brooks","FA","RB","17","119.1","119.1","111.1","103.1","119.1","39"
"Chiefs D/ST","KC","D/ST","17","111.0","111.0","111.0","111.0","111.0","28"
"Ladd McConkey","FA","WR","17","132.7","132.7","110.3","88.0","132.7","62"
"Giants D/ST","NYG","D/ST","17","110.0","110.0","110.0","110.0","110.0","28"
"Marvin Mims","DEN","WR","17","129.5","129.5","109.7","89.9","129.5","70"
"Michael Wilson","ARI","WR","17","133.8","133.8","109.3","84.9","133.8","65"
"Jerome Ford","CLE","RB","17","123.4","123.4","109.3","95.2","123.4","41"
"Gabe Davis","BUF","WR","17","128.1","128.1","109.1","90.2","128.1","60"
"Texans D/ST","HOU","D/ST","17","109.0","109.0","109.0","109.0","109.0","28"
"Demario Douglas","NE","WR","17","134.9","134.9","108.9","82.9","134.9","69"
"Khalil Herbert","CHI","RB","17","118.5","118.5","108.8","99.0","118.5","43"
"Wan'Dale Robinson","NYG","WR","17","137.7","137.7","108.6","79.5","137.7","67"
"Vikings D/ST","MIN","D/ST","17","108.0","108.0","108.0","108.0","108.0","28"
"Joshua Palmer","LAC","WR","17","132.2","132.2","107.9","83.7","132.2","68"
"Steelers D/ST","PIT","D/ST","17","107.0","107.0","107.0","107.0","107.0","28"
"Blake Corum","FA","RB","17","114.2","114.2","107.0","99.8","114.2","40"
"Kendre Miller","NO","RB","17","117.4","117.4","106.6","95.7","117.4","44"
"Trey Benson","FA","RB","17","113.6","113.6","106.6","99.5","113.6","42"
"Jaguars D/ST","JAX","D/ST","17","106.0","106.0","106.0","106.0","106.0","28"
"Quentin Johnston","LAC","WR","17","128.7","128.7","105.9","83.1","128.7","64"
"Adam Thielen","CAR","WR","17","134.9","134.9","105.5","76.1","134.9","66"
"Bengals D/ST","CIN","D/ST","17","105.0","105.0","105.0","105.0","105.0","28"
"Curtis Samuel","WAS","WR","17","130.8","130.8","104.6","78.5","130.8","73"
"Braelon Allen","FA","RB","17","112.2","112.2","104.2","96.1","112.2","47"
"Elijah Moore","CLE","WR","17","127.8","127.8","104.1","80.5","127.8","72"
"Packers D/ST","GB","D/ST","17","104.0","104.0","104.0","104.0","104.0","28"
"Xavier Legette","FA","WR","17","127.4","127.4","103.8","80.2","127.4","75"
"Luke Musgrave","GB","TE","17","128.1","153.1","103.1","78.0","128.1","16"
"Bears D/ST","CHI","D/ST","17","103.0","103.0","103.0","103.0","103.0","28"
"Broncos D/ST","DEN","D/ST","17","102.0","102.0","102.0","102.0","102.0","28"
"Darren Waller","NYG","TE","17","128.2","154.8","101.7","75.2","128.2","18"
"Patriots D/ST","NE","D/ST","17","101.0","101.0","101.0","101.0","101.0","28"
"Zay Jones","JAX","WR","17","124.2","124.2","99.4","74.5","124.2","76"
"Pat Freiermuth","PIT","TE","17","126.0","153.4","98.5","71.0","126.0","17"
"Treylon Burks","TEN","WR","17","119.6","119.6","98.4","77.2","119.6","77"
"Cade Otton","TB","TE","17","123.9","150.3","97.6","71.3","123.9","20"
"Bucky Irving","FA","RB","17","109.5","109.5","97.5","85.5","109.5","46"
"Devontez Walker","FA","WR","17","118.2","118.2","97.0","75.8","118.2","78"
"Ja'Lynn Polk","FA","WR","17","115.8","115.8","96.3","76.7","115.8","71"
"Tyler Boyd","CIN","WR","17","119.1","119.1","95.9","72.6","119.1","83"
"New MIN RB","MIN","RB","17","102.3","102.3","94.7","87.1","102.3",""
"Jalin Hyatt","NYG","WR","17","113.2","113.2","94.6","76.1","113.2","80"
"Michael Mayer","LVR","TE","17","117.2","140.5","93.8","70.5","117.2","19"
"Audric Estime","FA","RB","17","100.4","100.4","93.3","86.3","100.4","48"
"Keaton Mitchell","BAL","RB","17","99.4","99.4","93.1","86.9","99.4","51"
"Tyler Conklin","NYJ","TE","17","118.0","143.0","93.0","68.0","118.0","26"
"Juwan Johnson","NO","TE","17","114.8","137.0","92.6","70.5","114.8","22"
"Chargers D/ST","LAC","D/ST","17","92.0","92.0","92.0","92.0","92.0","28"
"Lions D/ST","DET","D/ST","17","91.0","91.0","91.0","91.0","91.0","28"
"Chigoziem Okonkwo","TEN","TE","17","115.4","140.5","90.4","65.3","115.4","27"
"Tyler Allgeier","ATL","RB","17","95.5","95.5","90.2","84.9","95.5","50"
"Seahawks D/ST","SEA","D/ST","17","90.0","90.0","90.0","90.0","90.0","28"
"Isaiah Likely","BAL","TE","17","109.7","129.7","89.7","69.7","109.7","21"
"Rashod Bateman","BAL","WR","17","110.1","110.1","89.4","68.7","110.1","85"
"Jonathan Mingo","CAR","WR","17","112.8","112.8","89.3","65.7","112.8","81"
"New HOU WR","HOU","WR","17","108.4","108.4","89.2","69.9","108.4",""
"Eagles D/ST","PHI","D/ST","17","89.0","89.0","89.0","89.0","89.0","28"
"Falcons D/ST","ATL","D/ST","17","88.0","88.0","88.0","88.0","88.0","28"
"Darius Slayton","NYG","WR","17","106.6","106.6","87.7","68.9","106.6","92"
"New TB RB","TB","RB","17","95.1","95.1","87.0","78.9","95.1",""
"Rams D/ST","LAR","D/ST","17","87.0","87.0","87.0","87.0","87.0","28"
"New DEN RB","DEN","RB","17","98.9","98.9","86.4","74.0","98.9",""
"Malachi Corley","FA","WR","17","105.0","105.0","85.7","66.4","105.0","82"
"DJ Chark Jr.","CAR","WR","17","103.3","103.3","85.3","67.3","103.3","113"
"Will Shipley","FA","RB","17","90.9","90.9","84.9","78.9","90.9","66"
"New NE RB","NE","RB","17","91.6","91.6","84.8","78.1","91.6",""
"New PHI RB","PHI","RB","17","92.3","92.3","84.7","77.2","92.3",""
"Andrei Iosivas","CIN","WR","17","104.5","104.5","84.5","64.6","104.5","84"
"Zack Moss","IND","RB","17","92.0","92.0","84.3","76.5","92.0","49"
"Panthers D/ST","CAR","D/ST","17","84.0","84.0","84.0","84.0","84.0","28"
"Ja'Tavion Sanders","FA","TE","17","104.8","126.2","83.4","62.0","104.8","23"
"Hunter Henry","NE","TE","17","102.8","123.5","82.2","61.6","102.8","25"
"A.T. Perry","NO","WR","17","100.6","100.6","82.1","63.6","100.6","91"
"Rico Dowdle","DAL","RB","17","90.4","90.4","82.1","73.8","90.4","59"
"Antonio Gibson","WAS","RB","17","98.8","98.8","82.0","65.2","98.8","58"
"Gus Edwards","BAL","RB","17","85.3","85.3","81.9","78.6","85.3","54"
"Miles Sanders","CAR","RB","17","93.1","93.1","81.9","70.8","93.1","60"
"Ray Davis","FA","RB","17","88.9","88.9","80.9","72.9","88.9","57"
"Alec Pierce","IND","WR","17","96.4","96.4","80.6","64.8","96.4","93"
"AJ Dillon","GB","RB","17","87.0","87.0","80.5","74.1","87.0","61"
"New CAR WR","CAR","WR","17","101.2","101.2","80.5","59.9","101.2",""
"Jaleel McLaughlin","DEN","RB","17","90.7","90.7","79.9","69.2","90.7","45"
"Rondale Moore","ARI","WR","17","99.6","99.6","79.9","60.2","99.6","114"
"Trey Palmer","TB","WR","17","99.7","99.7","79.0","58.4","99.7","79"
"Dameon Pierce","HOU","RB","17","86.5","86.5","78.7","70.9","86.5","56"
"Kenneth Gainwell","PHI","RB","17","89.7","89.7","78.5","67.3","89.7","62"
"Darnell Mooney","CHI","WR","17","95.1","95.1","77.8","60.5","95.1","96"
"Jonnu Smith","ATL","TE","17","96.8","116.1","77.6","58.3","96.8","42"
"Josh Reynolds","DET","WR","17","92.9","92.9","76.8","60.8","92.9","87"
"Demarcus Robinson","LAR","WR","17","93.8","93.8","76.7","59.7","93.8","97"
"MarShawn Lloyd","FA","RB","17","82.1","82.1","76.0","70.0","82.1","52"
"New KC WR","KC","WR","17","93.1","93.1","76.0","58.9","93.1",""
"Allen Lazard","NYJ","WR","17","92.5","92.5","75.9","59.3","92.5","98"
"Greg Dulcich","DEN","TE","17","97.6","119.8","75.4","53.2","97.6","30"
"Luke McCaffrey","FA","WR","17","89.6","89.6","75.3","60.9","89.6","104"
"Chris Rodriguez Jr.","WAS","RB","17","80.1","80.1","75.3","70.5","80.1","69"
"Taysom Hill","NO","QB","17","84.5","84.5","74.4","64.4","85.3","37"
"New DAL WR","DAL","WR","17","90.1","90.1","73.9","57.6","90.1",""
"K.J. Osborn","MIN","WR","17","91.1","91.1","73.7","56.3","91.1","109"
"New LAR RB","LAR","RB","17","80.3","80.3","73.7","67.0","80.3",""
"Cardinals D/ST","ARI","D/ST","17","73.0","73.0","73.0","73.0","73.0","28"
"Tucker Kraft","GB","TE","17","90.1","107.5","72.7","55.3","90.1","24"
"Gerald Everett","LAC","TE","17","93.5","114.6","72.5","51.4","93.5","31"
"Roman Wilson","FA","WR","17","88.8","88.8","72.3","55.7","88.8","74"
"Commanders D/ST","WAS","D/ST","17","72.0","72.0","72.0","72.0","72.0","28"
"Alexander Mattison","MIN","RB","17","77.6","77.6","71.7","65.8","77.6","68"
"New NYJ WR","NYJ","WR","17","87.5","87.5","71.1","54.7","87.5",""
"Malik Washington","FA","WR","17","87.7","87.7","70.8","54.0","87.7","86"
"New CHI WR","CHI","WR","17","87.2","87.2","70.3","53.4","87.2",""
"Ricky Pearsall","FA","WR","17","84.3","84.3","70.1","56.0","84.3","89"
"Kadarius Toney","KC","WR","17","86.9","86.9","69.7","52.6","86.9","137"
"Tre Tucker","LVR","WR","17","81.5","81.5","69.5","57.5","81.5","103"
"Jauan Jennings","SF","WR","17","84.1","84.1","69.2","54.2","84.1","95"
"Titans D/ST","TEN","D/ST","17","69.0","69.0","69.0","69.0","69.0","28"
"Brenden Rice","FA","WR","17","84.5","84.5","69.0","53.5","84.5","88"
"New BUF WR","BUF","WR","17","83.7","83.7","68.8","53.8","83.7",""
"Frank Gore Jr.","FA","RB","17","75.0","75.0","68.0","61.0","75.0","71"
"Elijah Mitchell","SF","RB","17","70.5","70.5","66.9","63.3","70.5","53"
"Jermaine Burton","FA","WR","17","80.7","80.7","66.9","53.0","80.7","94"
"Michael Gallup","DAL","WR","17","78.5","78.5","64.8","51.0","78.5","112"
"New NE WR","NE","WR","17","80.4","80.4","64.3","48.1","80.4",""
"Odell Beckham Jr.","BAL","WR","17","76.1","76.1","64.0","51.9","76.1","108"
"Noah Fant","SEA","TE","17","78.6","93.5","63.8","49.0","78.6","29"
"Johnny Wilson","FA","WR","17","77.3","77.3","63.8","50.3","77.3","101"
"New DAL RB","DAL","RB","17","69.2","69.2","63.8","58.3","69.2",""
"Justice Hill","BAL","RB","17","71.0","71.0","63.5","56.0","71.0","63"
"Jaylen Wright","FA","RB","17","67.4","67.4","63.4","59.4","67.4","65"
"Logan Thomas","WAS","TE","17","81.2","99.3","63.1","45.0","81.2","40"
"Michael Thomas","NO","WR","17","76.9","76.9","62.1","47.3","76.9","99"
"Dylan Laube","FA","RB","17","74.1","74.1","62.1","50.1","74.1","72"
"Tutu Atwell","LAR","WR","17","75.6","75.6","62.1","48.5","75.6","105"
"J.K. Dobbins","BAL","RB","17","67.2","67.2","62.0","56.8","67.2","55"
"New BUF RB","BUF","RB","17","65.3","65.3","60.9","56.5","65.3",""
"Cedric Tillman","CLE","WR","17","75.9","75.9","60.9","45.8","75.9","110"
"New NYG RB","NYG","RB","17","66.2","66.2","60.7","55.3","66.2",""
"New JAX RB","JAX","RB","17","67.1","67.1","60.6","54.1","67.1",""
"Kendrick Bourne","NE","WR","17","75.2","75.2","60.4","45.7","75.2","101"
"Jeremy Ruckert","NYJ","TE","17","76.8","93.3","60.2","43.7","76.8","56"
"Tyler Higbee","LAR","TE","17","75.3","90.9","59.6","44.0","75.3","43"
"Noah Gray","KC","TE","17","74.5","89.4","59.5","44.6","74.5","33"
"Greg Dortch","ARI","WR","17","71.3","71.3","58.7","46.1","71.3","137"
"Cody Schrader","FA","RB","17","64.5","64.5","58.5","52.5","64.5","75"
"Jalen Tolbert","DAL","WR","17","70.5","70.5","58.1","45.7","70.5","118"
"New WAS WR","WAS","WR","17","71.7","71.7","57.7","43.8","71.7",""
"Kalif Raymond","DET","WR","17","70.5","70.5","57.0","43.5","70.5","130"
"New NYJ RB","NYJ","RB","17","64.5","64.5","57.0","49.5","64.5",""
"Javon Baker","FA","WR","17","69.3","69.3","57.0","44.6","69.3","100"
"Emari Demercado","ARI","RB","17","63.4","63.4","56.4","49.4","63.4","84"
"Joshua Kelley","LAC","RB","17","59.2","59.2","56.1","53.0","59.2","115"
"Xavier Gipson","NYJ","WR","17","67.4","67.4","55.8","44.3","67.4","121"
"David Bell","CLE","WR","17","69.4","69.4","54.7","40.0","69.4","137"
"New CAR RB","CAR","RB","17","60.6","60.6","53.9","47.2","60.6",""
"DeVante Parker","NE","WR","17","66.9","66.9","53.6","40.4","66.9","171"
"Calvin Austin III","PIT","WR","17","64.3","64.3","53.0","41.6","64.3","137"
"Dawson Knox","BUF","TE","17","66.0","79.6","52.4","38.9","66.0","33"
"Dillon Johnson","FA","RB","17","56.0","56.0","52.0","48.0","56.0","74"
"Nelson Agholor","BAL","WR","17","64.6","64.6","51.5","38.4","64.6","130"
"Brandon Powell","MIN","WR","17","63.9","63.9","51.4","39.0","63.9","171"
"Ezekiel Elliott","NE","RB","17","57.9","57.9","51.4","44.9","57.9","64"
"Brevin Jordan","HOU","TE","17","63.6","75.8","51.3","39.1","63.6","32"
"Latavius Murray","BUF","RB","17","54.7","54.7","50.2","45.8","54.7","115"
"Van Jefferson","ATL","WR","17","63.2","63.2","49.9","36.5","63.2","171"
"Ihmir Smith-Marsette","CAR","WR","17","65.9","65.9","49.7","33.5","65.9","151"
"Jelani Woods","IND","TE","17","61.4","73.0","49.7","38.0","61.4","36"
"Mike Gesicki","NE","TE","17","61.2","73.2","49.3","37.3","61.2","48"
"Jerick McKinnon","KC","RB","17","61.3","61.3","49.2","37.0","61.3","82"
"New CLE RB","CLE","RB","17","53.3","53.3","49.0","44.8","53.3",""
"Jarrett Stidham","DEN","QB","17","48.9","48.9","48.9","48.9","59.1","48"
"Jacob Cowing","FA","WR","17","61.2","61.2","48.8","36.4","61.2","110"
"Israel Abanikanda","NYJ","RB","17","57.3","57.3","48.7","40.1","57.3","67"
"Kylen Granson","IND","TE","17","60.8","73.2","48.4","36.0","60.8","56"
"Jordan Whittington","FA","WR","17","59.1","59.1","47.9","36.8","59.1","171"
"Cade Stover","FA","TE","17","59.9","72.4","47.5","35.0","59.9","38"
"Jalen McMillan","FA","WR","17","58.8","58.8","47.4","36.0","58.8","107"
"Tommy Tremble","CAR","TE","17","61.5","75.7","47.3","33.1","61.5","48"
"Aidan O'Connell","LVR","QB","17","47.2","47.2","47.2","47.2","57.5","36"
"Jimmy Garoppolo","LVR","QB","17","47.2","47.2","47.2","47.2","57.5","41"
"Juju Smith-Schuster","NE","WR","17","61.2","61.2","46.7","32.2","61.2","137"
"Clyde Edwards-Helaire","KC","RB","17","53.8","53.8","46.5","39.2","53.8","79"
"Tanner Hudson","CIN","TE","17","58.4","70.6","46.3","34.2","58.4","39"
"Jamari Thrash","FA","WR","17","56.7","56.7","46.2","35.6","56.7","106"
"Samaje Perine","DEN","RB","17","53.9","53.9","45.8","37.7","53.9","103"
"Davis Allen","LAR","TE","17","58.8","71.9","45.7","32.6","58.8","28"
"Tyquan Thornton","NE","WR","17","58.8","58.8","45.6","32.3","58.8","124"
"Rasheen Ali","FA","RB","17","49.1","49.1","45.1","41.1","49.1","86"
"Jamaal Williams","NO","RB","17","48.4","48.4","44.9","41.3","48.4","86"
"New KC RB","KC","RB","17","49.3","49.3","44.8","40.4","49.3",""
"Donald Parham Jr.","LAC","TE","17","56.1","67.5","44.8","33.4","56.1","35"
"New MIA RB","MIA","RB","17","48.7","48.7","44.6","40.6","48.7",""
"Cedrick Wilson","MIA","WR","17","54.0","54.0","44.5","35.1","54.0","137"
"Justin Watson","KC","WR","17","52.6","52.6","44.4","36.1","52.6","124"
"Adam Trautman","DEN","TE","17","56.1","68.0","44.3","32.5","56.1","56"
"Ben Sinnott","FA","TE","17","55.3","66.8","43.8","32.3","55.3","37"
"Isaiah Hodgins","NYG","WR","17","54.8","54.8","43.5","32.2","54.8","130"
"John Metchie III","HOU","WR","17","53.4","53.4","43.5","33.5","53.4","118"
"Mack Hollins","ATL","WR","17","52.5","52.5","42.8","33.1","52.5","171"
"New ATL RB","ATL","RB","17","45.6","45.6","42.8","40.0","45.6",""
"Marquez Valdes-Scantling","KC","WR","17","50.9","50.9","42.7","34.5","50.9","115"
"Emani Bailey","FA","RB","17","45.5","45.5","42.5","39.5","45.5","96"
"Durham Smythe","MIA","TE","17","53.5","64.5","42.4","31.3","53.5","48"
"Jaheim Bell","FA","TE","17","52.8","63.3","42.3","31.7","52.8","41"
"New TEN WR","TEN","WR","17","52.3","52.3","42.1","31.9","52.3",""
"Nick Westbrook-Ikhine","TEN","WR","17","51.7","51.7","41.9","32.0","51.7","151"
"Tank Bigsby","JAX","RB","17","44.7","44.7","41.7","38.8","44.7","70"
"Jordan Mason","SF","RB","17","44.7","44.7","41.6","38.5","44.7","80"
"New ATL QB","ATL","QB","17","41.5","41.5","41.5","41.5","50.0",""
"Kimani Vidal","FA","RB","17","44.4","44.4","41.4","38.3","44.4","96"
"New ARI RB","ARI","RB","17","44.2","44.2","41.1","38.0","44.2",""
"New HOU RB","HOU","RB","17","41.8","41.8","40.7","39.7","41.8",""
"Cole Turner","WAS","TE","17","51.2","62.0","40.4","29.6","51.2","44"
"Hayden Hurst","CAR","TE","17","50.3","60.7","39.8","29.4","50.3","48"
"Damien Harris","BUF","RB","17","43.1","43.1","39.7","36.2","43.1","115"
"Robert Woods","HOU","WR","17","49.1","49.1","39.5","29.8","49.1","124"
"Tyler Scott","CHI","WR","17","48.5","48.5","38.7","29.0","48.5","137"
"Elijah Higgins","ARI","TE","17","48.2","58.1","38.3","28.5","48.2","56"
"Skyy Moore","KC","WR","17","47.1","47.1","38.2","29.3","47.1","116"
"Jake Bobo","SEA","WR","17","46.7","46.7","38.1","29.5","46.7","124"
"Noah Brown","HOU","WR","17","44.6","44.6","37.8","31.1","44.6","90"
"Dyami Brown","WAS","WR","17","45.9","45.9","37.7","29.6","45.9","171"
"Pierre Strong Jr.","CLE","RB","17","41.5","41.5","37.6","33.7","41.5","103"
"New LAC RB","LAC","RB","17","41.8","41.8","37.5","33.2","41.8",""
"Craig Reynolds","DET","RB","17","40.4","40.4","37.4","34.3","40.4","115"
"Mike Strachan","CAR","WR","17","40.9","40.9","37.3","33.7","40.9","171"
"Matt Breida","NYG","RB","17","43.1","43.1","37.1","31.1","43.1","126"
"D'Onta Foreman","CHI","RB","17","39.6","39.6","37.0","34.4","39.6","80"
"Daniel Bellinger","NYG","TE","17","47.2","57.6","36.8","26.4","47.2","46"
"Colby Parkinson","SEA","TE","17","45.4","54.7","36.2","26.9","45.4","68"
"Hunter Renfrow","LVR","WR","17","46.2","46.2","36.1","26.1","46.2","130"
"Darnell Washington","PIT","TE","17","45.6","55.4","35.7","25.9","45.6","48"
"Braxton Berrios","MIA","WR","17","44.2","44.2","35.5","26.9","44.2","151"
"New NYG WR","NYG","WR","17","44.4","44.4","35.5","26.5","44.4",""
"Austin Hooper","LVR","TE","17","44.9","54.6","35.1","25.4","44.9","68"
"New CLE WR","CLE","WR","17","43.1","43.1","34.0","24.9","43.1",""
"Sam Howell","WAS","QB","17","34.0","34.0","34.0","34.0","39.7","35"
"New DEN WR","DEN","WR","17","41.0","41.0","33.2","25.4","41.0",""
"New MIN WR","MIN","WR","17","41.0","41.0","33.0","24.9","41.0",""
"New IND WR","IND","WR","17","40.3","40.3","32.9","25.5","40.3",""
"Parker Washington","JAX","WR","17","41.9","41.9","32.7","23.4","41.9","118"
"Foster Moreau","NO","TE","17","41.5","50.7","32.3","23.2","41.5","68"
"Jamal Agnew","JAX","WR","17","39.4","39.4","32.2","25.0","39.4","171"
"Kyle Juszczyk","SF","RB","17","39.8","39.8","32.0","24.3","39.8","96"
"Josh Oliver","MIN","TE","17","40.6","49.2","32.0","23.4","40.6","48"
"New PHI WR","PHI","WR","17","39.2","39.2","31.9","24.6","39.2",""
"Jeff Wilson Jr.","MIA","RB","17","33.6","33.6","30.1","26.7","33.6","84"
"Ronnie Rivers","LAR","RB","17","31.1","31.1","30.1","29.1","31.1","73"
"Quez Watkins","PHI","WR","17","36.7","36.7","29.8","22.9","36.7","171"
"John Bates","WAS","TE","17","38.8","47.9","29.7","20.7","38.8","68"
"Terrace Marshall Jr.","CAR","WR","17","37.7","37.7","29.7","21.7","37.7","171"
"Olamide Zaccheaus","PHI","WR","17","34.9","34.9","29.4","24.0","34.9","151"
"Derius Davis","LAC","WR","17","35.2","35.2","29.4","23.6","35.2","171"
"Chris Moore","TEN","WR","17","35.8","35.8","29.2","22.6","35.8","171"
"Parris Campbell","NYG","WR","17","37.0","37.0","28.8","20.6","37.0","151"
"Kyle Philips","TEN","WR","17","35.7","35.7","28.6","21.5","35.7","151"
"Deven Thompkins","TB","WR","17","36.3","36.3","28.5","20.8","36.3","171"
"Will Dissly","SEA","TE","17","35.3","42.4","28.1","21.0","35.3","56"
"Russell Gage","TB","WR","17","36.0","36.0","28.1","20.2","36.0","137"
"Chase Edmonds","TB","RB","17","32.6","32.6","28.0","23.3","32.6","126"
"New CHI RB","CHI","RB","17","29.5","29.5","27.8","26.1","29.5",""
"New PIT WR","PIT","WR","17","35.1","35.1","27.7","20.3","35.1",""
"Allen Robinson II","PIT","WR","17","36.1","36.1","27.7","19.2","36.1","171"
"Johnny Mundt","MIN","TE","17","34.5","41.7","27.3","20.1","34.5","68"
"Harrison Bryant","CLE","TE","17","35.2","43.1","27.3","19.4","35.2","56"
"River Cracraft","MIA","WR","17","32.1","32.1","26.3","20.5","32.1","171"
"New LVR WR","LVR","WR","17","32.2","32.2","26.0","19.7","32.2",""
"New PIT RB","PIT","RB","17","28.6","28.6","25.8","22.9","28.6",""
"Alec Ingold","MIA","RB","17","31.8","31.8","25.5","19.2","31.8","126"
"Drew Sample","CIN","TE","17","33.1","41.0","25.1","17.2","33.1","68"
"Trayveon Williams","CIN","RB","17","27.2","27.2","25.0","22.8","27.2","90"
"Deuce Vaughn","DAL","RB","17","27.9","27.9","24.1","20.4","27.9","92"
"Irv Smith Jr.","CIN","TE","17","32.0","39.9","24.1","16.2","32.0","56"
"Ray-Ray McCloud III","SF","WR","17","29.4","29.4","23.6","17.8","29.4","171"
"Charlie Jones","CIN","WR","17","28.4","28.4","23.2","18.0","28.4","124"
"Deonte Harty","BUF","WR","17","27.4","27.4","22.9","18.4","27.4","171"
"New ATL WR","ATL","WR","17","28.7","28.7","22.7","16.8","28.7",""
"Luke Farrell","JAX","TE","17","28.8","34.9","22.6","16.5","28.8","68"
"New LAR WR","LAR","WR","17","27.0","27.0","21.9","16.8","27.0",""
"Xavier Hutchinson","HOU","WR","17","25.6","25.6","21.6","17.6","25.6","121"
"Lil'Jordan Humphrey","DEN","WR","17","26.5","26.5","21.4","16.4","26.5","171"
"Will Mallory","IND","TE","17","26.6","31.9","21.3","16.0","26.6","56"
"Michael Carter","ARI","RB","17","25.0","25.0","21.2","17.3","25.0","76"
"Isaiah Spiller","LAC","RB","17","23.3","23.3","21.1","19.0","23.3","92"
"New GB RB","GB","RB","17","23.2","23.2","20.8","18.4","23.2",""
"Ronnie Bell","SF","WR","17","25.6","25.6","20.7","15.7","25.6","137"
"New NYJ RB 2","NYJ","RB","17","22.7","22.7","20.6","18.4","22.7",""
"Julian Hill","MIA","TE","17","26.3","32.1","20.5","14.8","26.3","68"
"Brenton Strange","JAX","TE","17","26.1","32.1","20.1","14.1","26.1","56"
"Joe Flacco","CLE","QB","17","20.0","20.0","20.0","20.0","24.5","41"
"Mo Alie-Cox","IND","TE","17","24.7","29.5","19.9","15.2","24.7","68"
"Andrew Ogletree","IND","TE","17","24.7","29.5","19.9","15.2","24.7","68"
"Cam Akers","MIN","RB","17","22.0","22.0","19.9","17.8","22.0","96"
"New SF WR","SF","WR","17","24.6","24.6","19.7","14.8","24.6",""
"KhaDarel Hodge","ATL","WR","17","23.6","23.6","19.5","15.4","23.6","171"
"Brycen Hopkins","LAR","TE","17","23.6","27.8","19.4","15.2","23.6","68"
"Jordan Akins","CLE","TE","17","25.1","31.0","19.2","13.3","25.1","68"
"Alex Erickson","LAC","WR","17","23.4","23.4","19.1","14.7","23.4","171"
"Eric Gray","NYG","RB","17","21.8","21.8","18.8","15.9","21.8","82"
"Mecole Hardman Jr.","KC","WR","17","22.8","22.8","18.7","14.6","22.8","121"
"Jason Brownlee","NYJ","WR","17","23.4","23.4","18.6","13.8","23.4","171"
"Erik Ezukanma","MIA","WR","17","22.6","22.6","18.5","14.4","22.6","171"
"DeAndre Carter","LVR","WR","17","23.1","23.1","18.4","13.7","23.1","171"
"Velus Jones Jr.","CHI","WR","17","21.7","21.7","18.2","14.7","21.7","171"
"Richie James Jr.","KC","WR","17","22.5","22.5","18.1","13.7","22.5","137"
"Luke Schoonmaker","DAL","TE","17","23.1","28.3","17.9","12.7","23.1","48"
"Robert Tonyan","CHI","TE","17","22.5","27.4","17.6","12.7","22.5","68"
"Robbie Chosen","MIA","WR","17","20.4","20.4","17.5","14.6","20.4",""
"Josh Whyle","TEN","TE","17","22.3","27.0","17.5","12.7","22.3","68"
"Boston Scott","PHI","RB","17","18.2","18.2","17.3","16.4","18.2","126"
"New ARI WR","ARI","WR","17","26.8","26.8","16.8","6.7","26.8",""
"DeeJay Dallas","SEA","RB","17","20.0","20.0","16.6","13.2","20.0","126"
"Peyton Hendershot","DAL","TE","17","20.6","24.8","16.5","12.3","20.6","68"
"Cordarrelle Patterson","ATL","RB","17","20.4","20.4","16.4","12.3","20.4","126"
"Stone Smartt","LAC","TE","17","20.1","24.1","16.1","12.1","20.1","68"
"Marcus Mariota","PHI","QB","17","16.0","16.0","16.0","16.0","18.6","57"
"Ameer Abdullah","LVR","RB","17","20.0","20.0","15.8","11.6","20.0","126"
"Drew Lock","SEA","QB","17","15.8","15.8","15.8","15.8","18.7","48"
"Brandon Johnson","DEN","TE","17","19.2","22.6","15.8","12.4","19.2","151"
"Trenton Irwin","CIN","WR","17","18.7","18.7","15.4","12.1","18.7","137"
"Scott Miller","ATL","WR","17","18.8","18.8","15.1","11.4","18.8","171"
"Kevin Harris","NE","RB","17","16.2","16.2","15.1","14.0","16.2","126"
"Zach Wilson","NYJ","QB","17","15.0","15.0","15.0","15.0","17.9","57"
"Brock Wright","DET","TE","17","19.8","24.6","15.0","10.2","19.8","56"
"Sterling Shepard","NYG","WR","17","19.8","19.8","15.0","10.1","19.8","171"
"Devin Duvernay","BAL","WR","17","17.8","17.8","14.9","12.1","17.8","171"
"Rakim Jarrett","TB","WR","17","18.0","18.0","14.8","11.6","18.0","171"
"Kenny McIntosh","SEA","RB","17","17.1","17.1","14.4","11.8","17.1","115"
"Tyson Bagent","CHI","QB","17","14.3","14.3","14.3","14.3","16.6","57"
"Donovan Peoples-Jones","DET","WR","17","17.4","17.4","14.3","11.1","17.4","151"
"Mason Rudolph","PIT","QB","17","14.1","14.1","14.1","14.1","15.8","48"
"Taylor Heinicke","ATL","QB","17","14.1","14.1","14.1","14.1","16.2","57"
"Chase Claypool","MIA","WR","17","16.9","16.9","14.1","11.2","16.9","137"
"Marcedes Lewis","CHI","TE","17","18.1","22.1","14.0","10.0","18.1","68"
"Trent Sherfield","BUF","WR","17","17.5","17.5","13.9","10.3","17.5","171"
"Gardner Minshew","IND","QB","17","13.6","13.6","13.6","13.6","15.8",""
"Laviska Shenault Jr.","CAR","WR","17","16.5","16.5","13.5","10.4","16.5","171"
"Isaiah McKenzie","IND","WR","17","16.2","16.2","13.4","10.6","16.2","171"
"Equanimeous St. Brown","CHI","WR","17","16.9","16.9","13.4","9.8","16.9","171"
"New BAL RB","BAL","RB","17","14.1","14.1","13.1","12.2","14.1",""
"Nick Mullens","MIN","QB","17","13.1","13.1","13.1","13.1","15.7","57"
"Stephen Sullivan","CAR","TE","17","16.5","20.0","13.0","9.5","16.5","68"
"Joshua Dobbs","MIN","QB","17","12.7","12.7","12.7","12.7","15.3","48"
"Charlie Kolar","BAL","TE","17","16.2","19.7","12.7","9.2","16.2","68"
"Andrew Beck","HOU","RB","17","16.1","16.1","12.6","9.2","16.1","126"
"Lucas Krull","DEN","TE","17","15.7","18.8","12.6","9.5","15.7","68"
"Jalen Reagor","NE","WR","17","15.6","15.6","12.6","9.5","15.6","171"
"Randall Cobb","NYJ","WR","17","16.1","16.1","12.5","9.0","16.1","171"
"Raheem Blackshear","CAR","RB","17","15.0","15.0","12.5","10.0","15.0","126"
"Ben Skowronek","LAR","WR","17","16.3","16.3","12.4","8.5","16.3","171"
"Jaren Hall","MIN","QB","17","12.4","12.4","12.4","12.4","15.0","57"
"Patrick Ricard","BAL","RB","17","14.7","14.7","12.3","10.0","14.7","126"
"Pharaoh Brown","NE","TE","17","15.5","18.9","12.2","8.9","15.5","68"
"New NYG QB","NYG","QB","17","12.2","12.2","12.2","12.2","14.1",""
"Marquise Goodwin","CLE","WR","17","14.3","14.3","12.2","10.0","14.3","171"
"Ty Montgomery","NE","RB","17","14.4","14.4","12.1","9.7","14.4","171"
"C.J. Ham","MIN","RB","17","14.4","14.4","11.9","9.3","14.4","126"
"Mitchell Trubisky","PIT","QB","17","11.8","11.8","11.8","11.8","13.5","57"
"Jalen Guyton","LAC","WR","17","14.2","14.2","11.8","9.3","14.2","171"
"Derrick Gore","WAS","RB","17","12.8","12.8","11.8","10.7","12.8","126"
"Sean Tucker","TB","RB","17","14.1","14.1","11.8","9.4","14.1","96"
"Mike Boone","HOU","RB","17","13.9","13.9","11.6","9.3","13.9","126"
"Kyle Trask","TB","QB","17","11.5","11.5","11.5","11.5","13.6","57"
"Emanuel Wilson","GB","RB","17","12.2","12.2","11.0","9.9","12.2","86"
"Jimmy Graham","NO","TE","17","13.5","16.0","10.9","8.4","13.5","68"
"New TEN RB","TEN","RB","17","13.7","13.7","10.9","8.1","13.7",""
"Tyler Kroft","MIA","TE","17","13.7","16.6","10.9","8.0","13.7","68"
"Tanner Conner","MIA","TE","17","13.7","16.6","10.9","8.0","13.7","68"
"Sam Darnold","SF","QB","17","10.6","10.6","10.6","10.6","12.5","45"
"Zach Evans","LAR","RB","17","11.6","11.6","10.6","9.6","11.6","115"
"Trey Lance","DAL","QB","17","10.3","10.3","10.3","10.3","12.5","48"
"Tyler Huntley","BAL","QB","17","10.3","10.3","10.3","10.3","11.9","57"
"New NO WR","NO","WR","17","10.2","10.2","10.2","10.2","10.2",""
"Keaontay Ingram","ARI","RB","17","12.5","12.5","10.1","7.8","12.5","103"
"Jack Stoll","PHI","TE","17","12.5","15.2","9.8","7.1","12.5","68"
"Jesper Horsted","LVR","TE","17","12.6","15.4","9.7","6.8","12.6","68"
"Patrick Taylor","GB","RB","17","10.4","10.4","9.5","8.6","10.4","103"
"Mike White","MIA","QB","17","9.2","9.2","9.2","9.2","11.1","57"
"Kene Nwangwu","MIN","RB","17","10.4","10.4","9.1","7.9","10.4","126"
"KaVontae Turpin","DAL","WR","17","9.1","9.1","9.1","9.1","9.1","151"
"James Mitchell","DET","TE","17","11.3","13.7","8.9","6.5","11.3","68"
"Zach Pascal","ARI","WR","17","11.3","11.3","8.9","6.5","11.3","171"
"Salvon Ahmed","MIA","RB","17","9.8","9.8","8.8","7.8","9.8","126"
"Jacoby Brissett","WAS","QB","17","8.7","8.7","8.7","8.7","10.1","57"
"Jalen Nailor","MIN","WR","17","10.6","10.6","8.6","6.5","10.6","171"
"Jake Browning","CIN","QB","17","8.5","8.5","8.5","8.5","9.9","48"
"David Moore","TB","WR","17","10.4","10.4","8.5","6.6","10.4","171"
"Gary Brightwell","NYG","RB","17","9.2","9.2","8.3","7.3","9.2","126"
"Teagan Quitoriano","HOU","TE","17","10.2","12.1","8.2","6.2","10.2","68"
"MyCole Pruitt","ATL","TE","17","10.2","12.2","8.2","6.2","10.2","68"
"Dee Eskridge","SEA","WR","17","9.2","9.2","7.7","6.2","9.2","171"
"Jamison Crowder","WAS","WR","17","9.8","9.8","7.7","5.6","9.8","171"
"Anthony McFarland Jr.","PIT","RB","17","8.6","8.6","7.6","6.6","8.6",""
"Bo Melton","GB","WR","17","9.4","9.4","7.6","5.7","9.4","117"
"New SEA RB","SEA","RB","17","8.4","8.4","7.5","6.7","8.4",""
"Tommy DeVito","NYG","QB","17","7.5","7.5","7.5","7.5","8.6","57"
"Ian Thomas","CAR","TE","17","9.1","10.9","7.4","5.6","9.1","68"
"Kyle Allen","BUF","QB","17","7.3","7.3","7.3","7.3","8.6","57"
"Eric Saubert","MIA","TE","17","9.2","11.1","7.2","5.3","9.2","68"
"Payne Durham","TB","TE","17","9.2","11.3","7.2","5.2","9.2","68"
"Danny Gray","SF","WR","17","8.6","8.6","7.1","5.6","8.6","171"
"Geoff Swaim","ARI","TE","17","9.2","11.3","7.1","5.0","9.2","68"
"New NO QB","NO","QB","17","7.1","7.1","7.1","7.1","8.8",""
"New BAL WR","BAL","WR","17","8.5","8.5","7.0","5.6","8.5",""
"Malik Cunningham","BAL","QB","17","7.0","7.0","7.0","7.0","7.6","48"
"Blaine Gabbert","KC","QB","17","6.9","6.9","6.9","6.9","8.3","57"
"Hendon Hooker","DET","QB","17","6.9","6.9","6.9","6.9","8.0","40"
"Darrynton Evans","CHI","RB","17","7.7","7.7","6.9","6.1","7.7","92"
"Chris Evans","CIN","RB","17","7.9","7.9","6.7","5.5","7.9","126"
"Ryan Tannehill","TEN","QB","17","6.6","6.6","6.6","6.6","7.3","38"
"Tim Jones","JAX","WR","17","8.3","8.3","6.5","4.6","8.3","171"
"New ARI TE","ARI","TE","17","8.3","10.1","6.4","4.5","8.3",""
"Hunter Long","LAR","TE","17","8.2","10.1","6.3","4.4","8.2","68"
"Easton Stick","LAC","QB","17","6.3","6.3","6.3","6.3","7.5","57"
"Jermar Jefferson","DET","RB","17","7.4","7.4","6.3","5.3","7.4","126"
"D.J. Montgomery","IND","WR","17","7.6","7.6","6.2","4.8","7.6","171"
"Phillip Dorsett","DEN","WR","17","7.4","7.4","6.1","4.7","7.4","171"
"Lance McCutcheon","LAR","WR","17","7.7","7.7","6.1","4.4","7.7","171"
"Jameis Winston","NO","QB","17","6.0","6.0","6.0","6.0","7.5","57"
"James Proche","CLE","WR","17","7.5","7.5","5.9","4.3","7.5","171"
"C.J. Beathard","JAX","QB","17","5.9","5.9","5.9","5.9","6.9","57"
"Mitchell Wilcox","CIN","TE","17","7.9","9.9","5.9","3.8","7.9","68"
"Sean Clifford","GB","QB","17","5.8","5.8","5.8","5.8","7.1","57"
"Lynn Bowden Jr.","NO","WR","17","7.4","7.4","5.7","4.1","7.4",""
"Connor Heyward","PIT","TE","17","7.5","9.3","5.7","3.8","7.5","68"
"Davis Mills","HOU","QB","17","5.7","5.7","5.7","5.7","7.0","57"
"Dare Ogunbowale","HOU","RB","17","6.6","6.6","5.7","4.7","6.6","126"
"Tyrod Taylor","NYG","QB","17","5.6","5.6","5.6","5.6","6.4","57"
"Blake Bell","KC","TE","17","7.3","9.1","5.5","3.8","7.3","68"
"Tyler Goodson","IND","RB","17","6.4","6.4","5.5","4.6","6.4","126"
"Ross Dwelley","SF","TE","17","6.7","8.1","5.3","3.9","6.7","68"
"New CIN RB","CIN","RB","17","6.4","6.4","5.3","4.2","6.4",""
"Michael Burton","DEN","RB","17","6.4","6.4","5.3","4.1","6.4","126"
"Trey Sermon","IND","RB","17","6.1","6.1","5.3","4.5","6.1","126"
"New NO RB","NO","RB","17","5.2","5.2","5.2","5.2","5.2",""
"Brandon Bolden","LVR","RB","17","5.0","5.0","5.0","5.0","5.0","126"
"Michael Bandy","DEN","WR","17","6.3","6.3","5.0","3.7","6.3","171"
"Andy Dalton","CAR","QB","17","4.9","4.9","4.9","4.9","5.7","57"
"Clayton Tune","ARI","QB","17","4.8","4.8","4.8","4.8","5.6","57"
"Carson Wentz","LAR","QB","17","4.7","4.7","4.7","4.7","5.7","57"
"Derek Watt","PIT","RB","17","6.6","6.6","4.7","2.8","6.6","126"
"Mac Jones","NE","QB","17","4.7","4.7","4.7","4.7","5.5","45"
"Kayshon Boutte","NE","WR","17","6.1","6.1","4.7","3.3","6.1","171"
"Quintin Morris","BUF","TE","17","5.4","6.4","4.4","3.4","5.4","68"
"Tucker Fisk","ATL","TE","17","5.7","7.1","4.4","3.0","5.7","68"
"Justyn Ross","KC","WR","17","5.1","5.1","4.2","3.3","5.1","130"
"Jonathan Ward","TEN","RB","17","5.0","5.0","4.1","3.1","5.0","126"
"Elijah Dotson","LAC","RB","17","5.1","5.1","4.0","2.9","5.1","115"
"Ben Ellefson","MIN","TE","17","5.0","6.1","4.0","2.9","5.0","68"
"Albert Okwuegbunam","PHI","TE","17","4.6","5.5","3.7","2.8","4.6","68"
"Zack Kuntz","NYJ","TE","17","4.7","5.7","3.7","2.7","4.7","68"
"Charlie Woerner","SF","TE","17","4.6","5.5","3.7","2.7","4.6","68"
"Brayden Willis","SF","TE","17","4.6","5.5","3.7","2.7","4.6","68"
"D'Ernest Johnson","JAX","RB","17","4.2","4.2","3.6","3.0","4.2","126"
"Chris Conley","SF","WR","17","4.2","4.2","3.5","2.7","4.2","151"
"Willie Snead","SF","WR","17","4.3","4.3","3.5","2.7","4.3","171"
"Tyrom Johnson","SF","WR","17","4.1","4.1","3.3","2.6","4.1",""
"Britain Covey","PHI","WR","17","4.1","4.1","3.3","2.5","4.1","171"
"David Wells","TB","TE","17","4.2","5.2","3.3","2.3","4.2","68"
"Ko Kieft","TB","TE","17","4.2","5.2","3.3","2.3","4.2","68"
"Trevon Wesco","TEN","TE","17","3.7","4.6","2.8","1.9","3.7","68"
"Colton Dowell","TEN","WR","17","3.4","3.4","2.7","2.0","3.4","171"
"Trent Taylor","CHI","WR","17","3.3","3.3","2.6","1.9","3.3","171"
"Bailey Zappe","NE","QB","17","2.4","2.4","2.4","2.4","2.8","57"
"Jaret Patterson","WAS","RB","17","2.4","2.4","2.4","2.4","2.4","126"
"Marvin Jones Jr.","DET","WR","17","3.0","3.0","2.2","1.5","3.0","171"
"Ronald Jones II","DAL","RB","17","2.1","2.1","2.1","2.1","2.1","126"
"Chris Manhertz","DEN","TE","17","2.8","3.5","2.1","1.4","2.8","68"
"Hunter Luepke","DAL","RB","17","2.0","2.0","2.0","2.0","2.0","126"
"Tyrion Davis-Price","SF","RB","17","1.6","1.6","1.6","1.6","1.6","126"
"Brett Rypien","LAR","QB","17","1.6","1.6","1.6","1.6","1.6","57"
"Jeff Driskel","HOU","QB","17","1.4","1.4","1.4","1.4","1.4","57"
"Kaden Davis","ARI","WR","17","1.1","1.1","0.7","0.3","1.1","171"
"Daniel Arias","ARI","WR","17","1.1","1.1","0.7","0.3","1.1","171"
"Justin Shorter","BUF","WR","17","0.5","0.5","0.5","0.5","0.5","171"
"Dontrell Hilliard","TEN","RB","17","0.0","0.0","0.0","0.0","0.0","126"
"Hassan Haskins","TEN","RB","17","0.0","0.0","0.0","0.0","0.0","126"
"Julius Chestnut","TEN","RB","17","0.0","0.0","0.0","0.0","0.0","126"
"Josiah Deguara","GB","TE","17","0.0","0.0","0.0","0.0","0.0","68"
"Malik Heath","GB","WR","17","0.0","0.0","0.0","0.0","0.0","151"
"Tyler Davis","GB","TE","17","0.0","0.0","0.0","0.0","0.0","68"
"Dax Milne","WAS","WR","17","0.0","0.0","0.0","0.0","0.0","171"
"Malik Willis","TEN","QB","17","0.0","0.0","0.0","0.0","0.0","57"
"Mason Kinsey","TEN","WR","17","0.0","0.0","0.0","0.0","0.0","171"
"Jonathan Williams","WAS","RB","17","0.0","0.0","0.0","0.0","0.0","126"
"Kaylon Geiger","TB","WR","17","0.0","0.0","0.0","0.0","0.0","171"
"Patrick Laird","TB","RB","17","0.0","0.0","0.0","0.0","0.0","126"
"Rashaad Penny","PHI","RB","17","0.0","0.0","0.0","0.0","0.0","96"
"Tre'Quan Smith","NO","WR","17","0.0","0.0","0.0","0.0","0.0","151"
"Random Player","NYJ","RB","17","0.0","0.0","0.0","0.0","0.0",""
"Bryce Ford-Wheaton","NYG","WR","17","0.0","0.0","0.0","0.0","0.0","171"
"Zach Gentry","PIT","TE","17","0.0","0.0","0.0","0.0","0.0","68"
"Jashaun Corbin","NYG","RB","17","0.0","0.0","0.0","0.0","0.0","126"
"Random Player","DEN","QB","17","0.0","0.0","0.0","0.0","0.0",""
"Tylan Wallace","BAL","WR","17","0.0","0.0","0.0","0.0","0.0","171"
"Deneric Prince","KC","RB","17","0.0","0.0","0.0","0.0","0.0","103"
"Elijah Cooks","JAX","WR","17","0.0","0.0","0.0","0.0","0.0","171"
"Matt Corral","CAR","QB","17","0.0","0.0","0.0","0.0","0.0","57"
"Kevin Rader","TEN","TE","17","0.0","0.0","0.0","0.0","0.0","68"
"Nick Foles","IND","QB","17","0.0","0.0","0.0","0.0","0.0","57"
"Keith Kirkwood","NO","WR","17","0.0","0.0","0.0","0.0","0.0","171"
"Eric Saubert","HOU","TE","17","0.0","0.0","0.0","0.0","0.0","68"
"Random Player","SF","QB","17","0.0","0.0","0.0","0.0","0.0",""
"Eric Tomlinson","HOU","TE","17","0.0","0.0","0.0","0.0","0.0","68"
"Dareke Young","SEA","WR","17","0.0","0.0","0.0","0.0","0.0","171"
"O.J. Howard","LVR","TE","17","0.0","0.0","0.0","0.0","0.0","68"
"Josh Ali","ATL","WR","17","0.0","0.0","0.0","0.0","0.0","171"
"Lawrence Cager","NYG","TE","17","0.0","0.0","0.0","0.0","0.0","68"
"Random Player","NE","RB","17","0.0","0.0","0.0","0.0","0.0",""
"Tim Boyle","NYJ","QB","17","0.0","0.0","0.0","0.0","0.0","57"
"Stanley Morgan","CIN","WR","17","0.0","0.0","0.0","0.0","0.0","171"
"Tony Jones Jr.","NO","RB","17","0.0","0.0","0.0","0.0","0.0","126"
"Kareem Hunt","CLE","RB","17","0.0","0.0","0.0","0.0","0.0","78"
"Random Player","CAR","RB","17","0.0","0.0","0.0","0.0","0.0",""
"N'Keal Harry","MIN","WR","17","0.0","0.0","0.0","0.0","0.0","171"
"Byron Pringle","WAS","WR","17","0.0","0.0","0.0","0.0","0.0","171"
"Gunner Olszewski","PIT","WR","17","0.0","0.0","0.0","0.0","0.0","171"
"Nick Vannett","LAC","TE","17","0.0","0.0","0.0","0.0","0.0","68"
"Jody Fortson","KC","TE","17","0.0","0.0","0.0","0.0","0.0","68"
"Random Player","ARI","QB","17","0.0","0.0","0.0","0.0","0.0",""
"Skylar Thompson","MIA","QB","17","0.0","0.0","0.0","0.0","0.0","57"
"Ty Johnson","BUF","RB","17","0.0","0.0","0.0","0.0","0.0","115"
"Nick Vannett","NYG","TE","17","0.0","0.0","0.0","0.0","0.0","68"
"Jeff Cotton","GB","WR","17","0.0","0.0","0.0","0.0","0.0","171"
"Reggie Gilliam","BUF","TE","17","0.0","0.0","0.0","0.0","0.0","126"
"Demetric Felton","CLE","RB","17","0.0","0.0","0.0","0.0","0.0","126"
"Damiere Byrd","ATL","WR","17","0.0","0.0","0.0","0.0","0.0","171"
"Random Player","ATL","RB","17","0.0","0.0","0.0","0.0","0.0",""
"Random Player","ATL","RB","17","0.0","0.0","0.0","0.0","0.0",""
"Grant Calcaterra","PHI","TE","17","0.0","0.0","0.0","0.0","0.0","68"
"Lucas Krull","NO","TE","17","0.0","0.0","0.0","0.0","0.0","68"
"Anthony Firkser","DET","TE","17","0.0","0.0","0.0","0.0","0.0","68"
"Shane Buechele","KC","QB","17","0.0","0.0","0.0","0.0","0.0","57"
"Keelan Doss","LAC","WR","17","0.0","0.0","0.0","0.0","0.0","171"
"Cooper Rush","DAL","QB","17","0.0","0.0","0.0","0.0","0.0","57"
"Reid Sinnett","CIN","QB","17","0.0","0.0","0.0","0.0","0.0","57"
"Antoine Green","DET","WR","17","0.0","0.0","0.0","0.0","0.0","171"
"KeeSean Johnson","BUF","WR","17","0.0","0.0","0.0","0.0","0.0","171"
"Malik Taylor","NYJ","WR","17","0.0","0.0","0.0","0.0","0.0","171"
"Cole Beasley","NYG","WR","17","0.0","0.0","0.0","0.0","0.0","171"
"Snoop Conner","JAX","RB","17","0.0","0.0","0.0","0.0","0.0","126"
"Marquez Callaway","NO","WR","17","0.0","0.0","0.0","0.0","0.0","171"
"Andy Isabella","BUF","WR","17","0.0","0.0","0.0","0.0","0.0","171"
"Random Player","JAX","TE","17","0.0","0.0","0.0","0.0","0.0",""
"Pooka Williams Jr.","CIN","RB","17","0.0","0.0","0.0","0.0","0.0",""
"Shedrick Jackson","CIN","WR","17","0.0","0.0","0.0","0.0","0.0","171"
"Juwann Winfree","IND","WR","17","0.0","0.0","0.0","0.0","0.0","171"
"Miles Boykin","PIT","WR","17","0.0","0.0","0.0","0.0","0.0","171"
"Jalen Brooks","DAL","WR","17","0.0","0.0","0.0","0.0","0.0","171"
"Tyree Jackson","PHI","TE","17","0.0","0.0","0.0","0.0","0.0","68"
"Penny Hart","SEA","WR","17","0.0","0.0","0.0","0.0","0.0","171"
"Random Player","ATL","WR","17","0.0","0.0","0.0","0.0","0.0",""
"Nick Boyle","BAL","TE","17","0.0","0.0","0.0","0.0","0.0","68"
"Zach Davidson","BUF","TE","17","0.0","0.0","0.0","0.0","0.0","68"
"Matt Barkley","BUF","QB","17","0.0","0.0","0.0","0.0","0.0","57"
"Austin Watkins","CLE","WR","17","0.0","0.0","0.0","0.0","0.0","171"
"Jeff Driskel","CLE","QB","17","0.0","0.0","0.0","0.0","0.0","57"
"John Kelly","CLE","RB","17","0.0","0.0","0.0","0.0","0.0","126"
"Nick Guggemos","CLE","TE","17","0.0","0.0","0.0","0.0","0.0","68"
"Sean McKeon","DAL","TE","17","0.0","0.0","0.0","0.0","0.0","68"
"Jason Cabinda","DET","RB","17","0.0","0.0","0.0","0.0","0.0","126"
"Teddy Bridgewater","DET","QB","17","0.0","0.0","0.0","0.0","0.0","57"
"Devine Ozigbo","DET","RB","17","0.0","0.0","0.0","0.0","0.0","126"
"Quintez Cephus","DET","WR","17","0.0","0.0","0.0","0.0","0.0","171"
"Zach Ertz","DET","TE","17","0.0","0.0","0.0","0.0","0.0","48"
"Samori Toure","GB","WR","17","0.0","0.0","0.0","0.0","0.0","171"
"Ben Sims","GB","TE","17","0.0","0.0","0.0","0.0","0.0","68"
"Kurt Benkert","GB","QB","17","0.0","0.0","0.0","0.0","0.0","57"
"Random Player","GB","TE","17","0.0","0.0","0.0","0.0","0.0",""
"Case Keenum","HOU","QB","17","0.0","0.0","0.0","0.0","0.0","57"
"Steven Sims","HOU","WR","17","0.0","0.0","0.0","0.0","0.0","171"
"Random Player","IND","TE","17","0.0","0.0","0.0","0.0","0.0",""
"Nathan Rourke","JAX","QB","17","0.0","0.0","0.0","0.0","0.0","57"
"Kevin Austin","JAX","WR","17","0.0","0.0","0.0","0.0","0.0","171"
"Chris Manhertz","JAX","TE","17","0.0","0.0","0.0","0.0","0.0","68"
"Keaontay Ingram","KC","RB","17","0.0","0.0","0.0","0.0","0.0","103"
"Matt Bushman","KC","TE","17","0.0","0.0","0.0","0.0","0.0","68"
"Max Duggan","LAC","QB","17","0.0","0.0","0.0","0.0","0.0","57"
"John Hightower","LAC","WR","17","0.0","0.0","0.0","0.0","0.0","171"
"Tyler Johnson","LAR","TE","17","0.0","0.0","0.0","0.0","0.0","171"
"Stetson Bennett","LAR","QB","17","0.0","0.0","0.0","0.0","0.0","57"
"Royce Freeman","LAR","RB","17","0.0","0.0","0.0","0.0","0.0","126"
"Austin Trammell","LAR","WR","17","0.0","0.0","0.0","0.0","0.0","171"
"Brittain Brown","LVR","RB","17","0.0","0.0","0.0","0.0","0.0","126"
"Cam Sims","LVR","WR","17","0.0","0.0","0.0","0.0","0.0","171"
"Random Player","LVR","WR","17","0.0","0.0","0.0","0.0","0.0",""
"Jakob Johnson","LVR","RB","17","0.0","0.0","0.0","0.0","0.0","126"
"Bisi Johnson","MIN","WR","17","0.0","0.0","0.0","0.0","0.0","171"
"Trishton Jackson","MIN","WR","17","0.0","0.0","0.0","0.0","0.0","171"
"Matt Sokol","NE","TE","17","0.0","0.0","0.0","0.0","0.0","68"
"Matthew Slater","NE","WR","17","0.0","0.0","0.0","0.0","0.0","171"
"Jesse James","NO","TE","17","0.0","0.0","0.0","0.0","0.0","68"
"Kenny Yeboah","NYJ","TE","17","0.0","0.0","0.0","0.0","0.0","68"
"Diontae Spencer","NYJ","WR","17","0.0","0.0","0.0","0.0","0.0","171"
"Nick Bawden","NYJ","RB","17","0.0","0.0","0.0","0.0","0.0","126"
"Random Player","NYJ","RB","17","0.0","0.0","0.0","0.0","0.0",""
"Irvin Charles","NYJ","WR","17","0.0","0.0","0.0","0.0","0.0","171"
"Trevor Siemian","NYJ","QB","17","0.0","0.0","0.0","0.0","0.0","57"
"Noah Togiai","PHI","TE","17","0.0","0.0","0.0","0.0","0.0","68"
"Julio Jones","PHI","WR","17","0.0","0.0","0.0","0.0","0.0","130"
"Tanner McKee","PHI","QB","17","0.0","0.0","0.0","0.0","0.0","57"
"Random Player","PHI","WR","17","0.0","0.0","0.0","0.0","0.0",""
"Hakeem Butler","PIT","WR","17","0.0","0.0","0.0","0.0","0.0","171"
"Rodney Williams","PIT","TE","17","0.0","0.0","0.0","0.0","0.0","68"
"Anthony Miller","PIT","WR","17","0.0","0.0","0.0","0.0","0.0","171"
"Ja'Macrus Brandley","PIT","WR","17","0.0","0.0","0.0","0.0","0.0",""
"Tyler Mabry","SEA","TE","17","0.0","0.0","0.0","0.0","0.0","68"
"Random Person","SEA","RB","17","0.0","0.0","0.0","0.0","0.0",""
"Random Person","SEA","RB","17","0.0","0.0","0.0","0.0","0.0",""
"Cody Thompson","SEA","WR","17","0.0","0.0","0.0","0.0","0.0","171"
"Laquon Treadwell","SEA","WR","17","0.0","0.0","0.0","0.0","0.0","171"
"Random Player","SF","RB","17","0.0","0.0","0.0","0.0","0.0",""
"Random Player","SF","RB","17","0.0","0.0","0.0","0.0","0.0",""
"Marcus Kemp","WAS","WR","17","0.0","0.0","0.0","0.0","0.0","171"
"Wendell Smallwood","WAS","RB","17","0.0","0.0","0.0","0.0","0.0","126"
"Armani Rogers","WAS","TE","17","0.0","0.0","0.0","0.0","0.0","68"
"Curtis Hodges","WAS","TE","17","0.0","0.0","0.0","0.0","0.0","68"
"Jordan Scarlett","FA","RB","17","0.0","0.0","0.0","0.0","0.0","126"
"Jawhar Jordan","FA","RB","17","0.0","0.0","0.0","0.0","0.0","103"
"Spencer Rattler","FA","QB","17","0.0","0.0","0.0","0.0","0.0","41"
"Daniel Helm","FA","TE","17","0.0","0.0","0.0","0.0","0.0","68"
"Theo Johnson","FA","TE","17","0.0","0.0","0.0","0.0","0.0","46"
"","FA","","","","","","","",""
"","FA","","","","","","","",""
"","FA","","","","","","","",""
"","FA","","","","","","","",""
"","FA","","","","","","","",""
"","FA","","","","","","","",""
"","FA","","","","","","","",""
"","FA","","","","","","","",""
"","FA","","","","","","","",""
"","FA","","","","","","","",""
"","FA","","","","","","","",""
"","FA","","","","","","","",""
"","FA","","","","","","","",""
"","FA","","","","","","","",""
"","FA","","","","","","","",""
"","FA","","","","","","","",""
"","FA","","","","","","","",""
"","ARI","","","","","","","",""
"","ARI","","","","","","","",""
"","ARI","","","","","","","",""
"","ARI","","","","","","","",""
"","ARI","","","","","","","",""
"","ARI","","","","","","","",""
"","ARI","","","","","","","",""
"","ARI","","","","","","","",""
"","ARI","","","","","","","",""
"","ARI","","","","","","","",""
"","ATL","","","","","","","",""
"","ATL","","","","","","","",""
"","ATL","","","","","","","",""
"","ATL","","","","","","","",""
"","ATL","","","","","","","",""
"","ATL","","","","","","","",""
"","ATL","","","","","","","",""
"","ATL","","","","","","","",""
"","BAL","","","","","","","",""
"","BAL","","","","","","","",""
"","BAL","","","","","","","",""
"","BAL","","","","","","","",""
"","BAL","","","","","","","",""
"","BAL","","","","","","","",""
"","BAL","","","","","","","",""
"","BAL","","","","","","","",""
"","BAL","","","","","","","",""
"","BAL","","","","","","","",""
"","BUF","","","","","","","",""
"","BUF","","","","","","","",""
"","BUF","","","","","","","",""
"","BUF","","","","","","","",""
"","BUF","","","","","","","",""
"","BUF","","","","","","","",""
"","BUF","","","","","","","",""
"","BUF","","","","","","","",""
"","CAR","","","","","","","",""
"","CAR","","","","","","","",""
"","CAR","","","","","","","",""
"","CAR","","","","","","","",""
"","CAR","","","","","","","",""
"","CAR","","","","","","","",""
"","CAR","","","","","","","",""
"","CAR","","","","","","","",""
"","CAR","","","","","","","",""
"","CAR","","","","","","","",""
"","CAR","","","","","","","",""
"","CHI","","","","","","","",""
"","CHI","","","","","","","",""
"","CHI","","","","","","","",""
"","CHI","","","","","","","",""
"","CHI","","","","","","","",""
"","CHI","","","","","","","",""
"","CHI","","","","","","","",""
"","CHI","","","","","","","",""
"","CHI","","","","","","","",""
"","CHI","","","","","","","",""
"","CHI","","","","","","","",""
"","CHI","","","","","","","",""
"","CHI","","","","","","","",""
"","CIN","","","","","","","",""
"","CIN","","","","","","","",""
"","CIN","","","","","","","",""
"","CIN","","","","","","","",""
"","CIN","","","","","","","",""
"","CIN","","","","","","","",""
"","CIN","","","","","","","",""
"","CIN","","","","","","","",""
"","CIN","","","","","","","",""
"","CLE","","","","","","","",""
"","CLE","","","","","","","",""
"","CLE","","","","","","","",""
"","CLE","","","","","","","",""
"","CLE","","","","","","","",""
"","CLE","","","","","","","",""
"","CLE","","","","","","","",""
"","CLE","","","","","","","",""
"","DAL","","","","","","","",""
"","DAL","","","","","","","",""
"","DAL","","","","","","","",""
"","DAL","","","","","","","",""
"","DAL","","","","","","","",""
"","DAL","","","","","","","",""
"","DAL","","","","","","","",""
"","DAL","","","","","","","",""
"","DAL","","","","","","","",""
"","DAL","","","","","","","",""
"","DEN","","","","","","","",""
"","DEN","","","","","","","",""
"","DEN","","","","","","","",""
"","DEN","","","","","","","",""
"","DEN","","","","","","","",""
"","DEN","","","","","","","",""
"","DEN","","","","","","","",""
"","DEN","","","","","","","",""
"","DEN","","","","","","","",""
"","DEN","","","","","","","",""
"","DET","","","","","","","",""
"","DET","","","","","","","",""
"","DET","","","","","","","",""
"","DET","","","","","","","",""
"","DET","","","","","","","",""
"","DET","","","","","","","",""
"","DET","","","","","","","",""
"","DET","","","","","","","",""
"","GB","","","","","","","",""
"","GB","","","","","","","",""
"","GB","","","","","","","",""
"","GB","","","","","","","",""
"","GB","","","","","","","",""
"","GB","","","","","","","",""
"","GB","","","","","","","",""
"","GB","","","","","","","",""
"","HOU","","","","","","","",""
"","HOU","","","","","","","",""
"","HOU","","","","","","","",""
"","HOU","","","","","","","",""
"","HOU","","","","","","","",""
"","HOU","","","","","","","",""
"","HOU","","","","","","","",""
"","IND","","","","","","","",""
"","IND","","","","","","","",""
"","IND","","","","","","","",""
"","IND","","","","","","","",""
"","IND","","","","","","","",""
"","IND","","","","","","","",""
"","IND","","","","","","","",""
"","IND","","","","","","","",""
"","IND","","","","","","","",""
"","JAX","","","","","","","",""
"","JAX","","","","","","","",""
"","JAX","","","","","","","",""
"","JAX","","","","","","","",""
"","JAX","","","","","","","",""
"","JAX","","","","","","","",""
"","JAX","","","","","","","",""
"","JAX","","","","","","","",""
"","JAX","","","","","","","",""
"","KC","","","","","","","",""
"","KC","","","","","","","",""
"","KC","","","","","","","",""
"","KC","","","","","","","",""
"","KC","","","","","","","",""
"","KC","","","","","","","",""
"","KC","","","","","","","",""
"","LAC","","","","","","","",""
"","LAC","","","","","","","",""
"","LAC","","","","","","","",""
"","LAC","","","","","","","",""
"","LAC","","","","","","","",""
"","LAC","","","","","","","",""
"","LAC","","","","","","","",""
"","LAC","","","","","","","",""
"","LAC","","","","","","","",""
"","LAR","","","","","","","",""
"","LAR","","","","","","","",""
"","LAR","","","","","","","",""
"","LAR","","","","","","","",""
"","LAR","","","","","","","",""
"","LAR","","","","","","","",""
"","LAR","","","","","","","",""
"","LAR","","","","","","","",""
"","LVR","","","","","","","",""
"","LVR","","","","","","","",""
"","LVR","","","","","","","",""
"","LVR","","","","","","","",""
"","LVR","","","","","","","",""
"","LVR","","","","","","","",""
"","LVR","","","","","","","",""
"","LVR","","","","","","","",""
"","LVR","","","","","","","",""
"","MIA","","","","","","","",""
"","MIA","","","","","","","",""
"","MIA","","","","","","","",""
"","MIA","","","","","","","",""
"","MIA","","","","","","","",""
"","MIA","","","","","","","",""
"","MIA","","","","","","","",""
"","MIA","","","","","","","",""
"","MIN","","","","","","","",""
"","MIN","","","","","","","",""
"","MIN","","","","","","","",""
"","MIN","","","","","","","",""
"","MIN","","","","","","","",""
"","MIN","","","","","","","",""
"","MIN","","","","","","","",""
"","NE","","","","","","","",""
"","NE","","","","","","","",""
"","NE","","","","","","","",""
"","NE","","","","","","","",""
"","NE","","","","","","","",""
"","NE","","","","","","","",""
"","NE","","","","","","","",""
"","NE","","","","","","","",""
"","NO","","","","","","","",""
"","NO","","","","","","","",""
"","NO","","","","","","","",""
"","NO","","","","","","","",""
"","NO","","","","","","","",""
"","NO","","","","","","","",""
"","NO","","","","","","","",""
"","NYG","","","","","","","",""
"","NYG","","","","","","","",""
"","NYG","","","","","","","",""
"","NYG","","","","","","","",""
"","NYG","","","","","","","",""
"","NYG","","","","","","","",""
"","NYG","","","","","","","",""
"","NYJ","","","","","","","",""
"","NYJ","","","","","","","",""
"","NYJ","","","","","","","",""
"","NYJ","","","","","","","",""
"","NYJ","","","","","","","",""
"","NYJ","","","","","","","",""
"","PHI","","","","","","","",""
"","PHI","","","","","","","",""
"","PHI","","","","","","","",""
"","PHI","","","","","","","",""
"","PHI","","","","","","","",""
"","PHI","","","","","","","",""
"","PHI","","","","","","","",""
"","PHI","","","","","","","",""
"","PIT","","","","","","","",""
"","PIT","","","","","","","",""
"","PIT","","","","","","","",""
"","PIT","","","","","","","",""
"","PIT","","","","","","","",""
"","PIT","","","","","","","",""
"","PIT","","","","","","","",""
"","SEA","","","","","","","",""
"","SEA","","","","","","","",""
"","SEA","","","","","","","",""
"","SEA","","","","","","","",""
"","SEA","","","","","","","",""
"","SEA","","","","","","","",""
"","SEA","","","","","","","",""
"","SEA","","","","","","","",""
"","SF","","","","","","","",""
"","SF","","","","","","","",""
"","SF","","","","","","","",""
"","SF","","","","","","","",""
"","SF","","","","","","","",""
"","SF","","","","","","","",""
"","TB","","","","","","","",""
"","TB","","","","","","","",""
"","TB","","","","","","","",""
"","TB","","","","","","","",""
"","TB","","","","","","","",""
"","TB","","","","","","","",""
"","TB","","","","","","","",""
"","TB","","","","","","","",""
"","TB","","","","","","","",""
"","TB","","","","","","","",""
"","TB","","","","","","","",""
"","TEN","","","","","","","",""
"","TEN","","","","","","","",""
"","TEN","","","","","","","",""
"","TEN","","","","","","","",""
"","TEN","","","","","","","",""
"","TEN","","","","","","","",""
"","TEN","","","","","","","",""
"","TEN","","","","","","","",""
"","WAS","","","","","","","",""
"","WAS","","","","","","","",""
"","WAS","","","","","","","",""
"","WAS","","","","","","","",""
"","WAS","","","","","","","",""
"","WAS","","","","","","","",""