"Player","Team","Pos","Matchup","Carries","Rush YDs","Rush TDs","Targets","Receptions","Rec Yds","Rec TDs","Pass Attempts","Passing YDs","Passing TDs","Interceptions","Y/A"
"A.J. Brown","PHI","WR","@ KC","0.0","0.0","0","8.5","5.8","88.8","0.5","0","0.0","0","0",""
"DeVonta Smith","PHI","WR","@ KC","0.0","0.0","0","6.5","5.2","60.1","0.4","0","0.0","0","0",""
"Xavier Worthy","KC","WR","@ PHI","0.4","2.8","0","8.9","5.5","59.5","0.5","0","0.0","0","0",""
"Dallas Goedert","PHI","TE","@ KC","0.0","0.0","0","5.5","4.6","58.3","0.3","0","0.0","0","0",""
"Travis Kelce","KC","TE","@ PHI","0.1","0.3","0","9.1","6.4","55.0","0.5","0","0.0","0","0",""
"Marquise Brown","KC","WR","@ PHI","0.0","0.0","0","6.7","3.7","41.9","0.3","0","0.0","0","0",""
"DeAndre Hopkins","KC","WR","@ PHI","0.0","0.0","0","3.1","2.0","21.6","0.2","0","0.0","0","0",""
"JuJu Smith-Schuster","KC","WR","@ PHI","0.0","0.0","0","2.4","1.6","20.7","0.1","0","0.0","0","0",""
"Saquon Barkley","PHI","RB","@ KC","19.2","113.0","0.7","2.9","2.3","16.9","0.2","0","0.0","0","0",""
"Noah Gray","KC","TE","@ PHI","0.0","0.0","0","1.8","1.5","14.6","0.1","0","0.0","0","0",""
"Jahan Dotson","PHI","WR","@ KC","0.0","0.0","0","1.7","1.0","10.4","0.1","0","0.0","0","0",""
"Samaje Perine","KC","RB","@ PHI","0.4","1.9","0","1.3","1.0","8.2","0.1","0","0.0","0","0",""
"Grant Calcaterra","PHI","TE","@ KC","0.0","0.0","0","0.8","0.6","7.6","0.0","0","0.0","0","0",""
"Kenneth Gainwell","PHI","RB","@ KC","1.6","6.3","0","1.4","1.0","7.2","0.1","0","0.0","0","0",""
"Kareem Hunt","KC","RB","@ PHI","11.4","41.1","0.5","1.3","0.9","5.4","0.1","0","0.0","0","0",""
"Isiah Pacheco","KC","RB","@ PHI","6.7","24.4","0.2","1.4","1.1","5.1","0.1","0","0.0","0","0",""
"Justin Watson","KC","WR","@ PHI","0.0","0.0","0","0.2","0.1","1.5","0.0","0","0.0","0","0",""
"Peyton Hendershot","KC","TE","@ PHI","0.0","0.0","0","0.1","0.1","0.6","0.0","0","0.0","0","0",""
"E.J. Jenkins","PHI","TE","@ KC","0.0","0.0","0","0.1","0.1","0.5","0.0","0","0.0","0","0",""
"Johnny Wilson","PHI","WR","@ KC","0.0","0.0","0","0.1","0.1","0.5","0.0","0","0.0","0","0",""
"Will Shipley","PHI","RB","@ KC","0.1","0.3","0","0.1","0.1","0.4","0.0","0","0.0","0","0",""
"Parris Campbell","PHI","WR","@ KC","0.0","0.0","0","0.1","0.0","0.3","0.0","0","0.0","0","0",""
"Terry McLaurin","WAS","WR","BYE","0.0","0.0","0","0.0","0.0","0.0","0.0","0","0.0","0","0",""
"Khalil Shakir","BUF","WR","BYE","0.0","0.0","0","0.0","0.0","0.0","0.0","0","0.0","0","0",""
"Dyami Brown","WAS","WR","BYE","0.0","0.0","0","0.0","0.0","0.0","0.0","0","0.0","0","0",""
"Dalton Kincaid","BUF","TE","BYE","0.0","0.0","0","0.0","0.0","0.0","0.0","0","0.0","0","0",""
"Zach Ertz","WAS","TE","BYE","0.0","0.0","0","0.0","0.0","0.0","0.0","0","0.0","0","0",""
"Olamide Zaccheaus","WAS","WR","BYE","0.0","0.0","0","0.0","0.0","0.0","0.0","0","0.0","0","0",""
"Austin Ekeler","WAS","RB","BYE","0.0","0.0","0","0.0","0.0","0.0","0.0","0","0.0","0","0",""
"Keon Coleman","BUF","WR","BYE","0.0","0.0","0","0.0","0.0","0.0","0.0","0","0.0","0","0",""
"Amari Cooper","BUF","WR","BYE","0.0","0.0","0","0.0","0.0","0.0","0.0","0","0.0","0","0",""
"Dawson Knox","BUF","TE","BYE","0.0","0.0","0","0.0","0.0","0.0","0.0","0","0.0","0","0",""
"Mack Hollins","BUF","WR","BYE","0.0","0.0","0","0.0","0.0","0.0","0.0","0","0.0","0","0",""
"Curtis Samuel","BUF","WR","BYE","0.0","0.0","0","0.0","0.0","0.0","0.0","0","0.0","0","0",""
"James Cook","BUF","RB","BYE","0.0","0.0","0","0.0","0.0","0.0","0.0","0","0.0","0","0",""
"Jamison Crowder","WAS","WR","BYE","0.0","0.0","0","0.0","0.0","0.0","0.0","0","0.0","0","0",""
"Ty Johnson","BUF","RB","BYE","0.0","0.0","0","0.0","0.0","0.0","0.0","0","0.0","0","0",""
"Brian Robinson Jr.","WAS","RB","BYE","0.0","0.0","0","0.0","0.0","0.0","0.0","0","0.0","0","0",""
"John Bates","WAS","TE","BYE","0.0","0.0","0","0.0","0.0","0.0","0.0","0","0.0","0","0",""
"Luke McCaffrey","WAS","WR","BYE","0.0","0.0","0","0.0","0.0","0.0","0.0","0","0.0","0","0",""
"Ray Davis","BUF","RB","BYE","0.0","0.0","0","0.0","0.0","0.0","0.0","0","0.0","0","0",""
"Ben Sinnott","WAS","TE","BYE","0.0","0.0","0","0.0","0.0","0.0","0.0","0","0.0","0","0",""
"Jeremy McNichols","WAS","RB","BYE","0.0","0.0","0","0.0","0.0","0.0","0.0","0","0.0","0","0",""
"Quintin Morris","BUF","TE","BYE","0.0","0.0","0","0.0","0.0","0.0","0.0","0","0.0","0","0",""
"Reggie Gilliam","BUF","TE","BYE","0.0","0.0","0","0.0","0.0","0.0","0.0","0","0.0","0","0",""
"Puka Nacua","LAR","WR","BYE","0.0","0.0","0","0.0","0.0","0.0","0.0","0","0.0","0","0",""
"Nico Collins","HOU","WR","BYE","0.0","0.0","0","0.0","0.0","0.0","0.0","0","0.0","0","0",""
"Amon-Ra St. Brown","DET","WR","BYE","0.0","0.0","0","0.0","0.0","0.0","0.0","0","0.0","0","0",""
"Jameson Williams","DET","WR","BYE","0.0","0.0","0","0.0","0.0","0.0","0.0","0","0.0","0","0",""
"Sam LaPorta","DET","TE","BYE","0.0","0.0","0","0.0","0.0","0.0","0.0","0","0.0","0","0",""
"Rashod Bateman","BAL","WR","BYE","0.0","0.0","0","0.0","0.0","0.0","0.0","0","0.0","0","0",""
"Mark Andrews","BAL","TE","BYE","0.0","0.0","0","0.0","0.0","0.0","0.0","0","0.0","0","0",""
"Dalton Schultz","HOU","TE","BYE","0.0","0.0","0","0.0","0.0","0.0","0.0","0","0.0","0","0",""
"Jahmyr Gibbs","DET","RB","BYE","0.0","0.0","0","0.0","0.0","0.0","0.0","0","0.0","0","0",""
"Isaiah Likely","BAL","TE","BYE","0.0","0.0","0","0.0","0.0","0.0","0.0","0","0.0","0","0",""
"Cooper Kupp","LAR","WR","BYE","0.0","0.0","0","0.0","0.0","0.0","0.0","0","0.0","0","0",""
"John Metchie III","HOU","WR","BYE","0.0","0.0","0","0.0","0.0","0.0","0.0","0","0.0","0","0",""
"Tyler Higbee","LAR","TE","BYE","0.0","0.0","0","0.0","0.0","0.0","0.0","0","0.0","0","0",""
"Justice Hill","BAL","RB","BYE","0.0","0.0","0","0.0","0.0","0.0","0.0","0","0.0","0","0",""
"Demarcus Robinson","LAR","WR","BYE","0.0","0.0","0","0.0","0.0","0.0","0.0","0","0.0","0","0",""
"Tim Patrick","DET","WR","BYE","0.0","0.0","0","0.0","0.0","0.0","0.0","0","0.0","0","0",""
"Robert Woods","HOU","WR","BYE","0.0","0.0","0","0.0","0.0","0.0","0.0","0","0.0","0","0",""
"David Montgomery","DET","RB","BYE","0.0","0.0","0","0.0","0.0","0.0","0.0","0","0.0","0","0",""
"Tylan Wallace","BAL","WR","BYE","0.0","0.0","0","0.0","0.0","0.0","0.0","0","0.0","0","0",""
"Joe Mixon","HOU","RB","BYE","0.0","0.0","0","0.0","0.0","0.0","0.0","0","0.0","0","0",""
"Nelson Agholor","BAL","WR","BYE","0.0","0.0","0","0.0","0.0","0.0","0.0","0","0.0","0","0",""
"Xavier Hutchinson","HOU","WR","BYE","0.0","0.0","0","0.0","0.0","0.0","0.0","0","0.0","0","0",""
"Kyren Williams","LAR","RB","BYE","0.0","0.0","0","0.0","0.0","0.0","0.0","0","0.0","0","0",""
"Kalif Raymond","DET","WR","BYE","0.0","0.0","0","0.0","0.0","0.0","0.0","0","0.0","0","0",""
"Charlie Kolar","BAL","TE","BYE","0.0","0.0","0","0.0","0.0","0.0","0.0","0","0.0","0","0",""
"Derrick Henry","BAL","RB","BYE","0.0","0.0","0","0.0","0.0","0.0","0.0","0","0.0","0","0",""
"Tutu Atwell","LAR","WR","BYE","0.0","0.0","0","0.0","0.0","0.0","0.0","0","0.0","0","0",""
"Dare Ogunbowale","HOU","RB","BYE","0.0","0.0","0","0.0","0.0","0.0","0.0","0","0.0","0","0",""
"Anthony Miller","BAL","WR","BYE","0.0","0.0","0","0.0","0.0","0.0","0.0","0","0.0","0","0",""
"Colby Parkinson","LAR","TE","BYE","0.0","0.0","0","0.0","0.0","0.0","0.0","0","0.0","0","0",""
"Brock Wright","DET","TE","BYE","0.0","0.0","0","0.0","0.0","0.0","0.0","0","0.0","0","0",""
"Jordan Whittington","LAR","WR","BYE","0.0","0.0","0","0.0","0.0","0.0","0.0","0","0.0","0","0",""
"Irv Smith","HOU","TE","BYE","0.0","0.0","0","0.0","0.0","0.0","0.0","0","0.0","0","0",""
"Teagan Quitoriano","HOU","TE","BYE","0.0","0.0","0","0.0","0.0","0.0","0.0","0","0.0","0","0",""
"Brevin Jordan","HOU","TE","BYE","0.0","0.0","0","0.0","0.0","0.0","0.0","0","0.0","0","0",""
"Jared Wayne","HOU","WR","BYE","0.0","0.0","0","0.0","0.0","0.0","0.0","0","0.0","0","0",""
"Devontez Walker","BAL","WR","BYE","0.0","0.0","0","0.0","0.0","0.0","0.0","0","0.0","0","0",""
"Davis Allen","LAR","TE","BYE","0.0","0.0","0","0.0","0.0","0.0","0.0","0","0.0","0","0",""
"Patrick Ricard","BAL","RB","BYE","0.0","0.0","0","0.0","0.0","0.0","0.0","0","0.0","0","0",""
"Hunter Long","LAR","TE","BYE","0.0","0.0","0","0.0","0.0","0.0","0.0","0","0.0","0","0",""
"Allen Robinson","DET","WR","BYE","0.0","0.0","0","0.0","0.0","0.0","0.0","0","0.0","0","0",""
"Ronnie Rivers","LAR","RB","BYE","0.0","0.0","0","0.0","0.0","0.0","0.0","0","0.0","0","0",""
"Dameon Pierce","HOU","RB","BYE","0.0","0.0","0","0.0","0.0","0.0","0.0","0","0.0","0","0",""
"Steven Sims","BAL","WR","BYE","0.0","0.0","0","0.0","0.0","0.0","0.0","0","0.0","0","0",""
"Xavier Smith","LAR","WR","BYE","0.0","0.0","0","0.0","0.0","0.0","0.0","0","0.0","0","0",""
"Shane Zylstra","DET","TE","BYE","0.0","0.0","0","0.0","0.0","0.0","0.0","0","0.0","0","0",""
"Craig Reynolds","DET","RB","BYE","0.0","0.0","0","0.0","0.0","0.0","0.0","0","0.0","0","0",""
"Ainias Smith","PHI","WR","@ KC","0.0","0.0","0","0.0","0.0","0.0","0.0","0","0.0","0","0",""
"Cade Stover","HOU","TE","BYE","0.0","0.0","0","0.0","0.0","0.0","0.0","0","0.0","0","0",""
"Tyler Johnson","LAR","WR","BYE","0.0","0.0","0","0.0","0.0","0.0","0.0","0","0.0","0","0",""
"Justin Jefferson","MIN","WR","BYE","0.0","0.0","0","0.0","0.0","0.0","0.0","0","","","",""
"Mike Evans","TB","WR","BYE","0.0","0.0","0","0.0","0.0","0.0","0.0","0","","","",""
"Ladd McConkey","LAC","WR","BYE","0.0","0.0","0","0.0","0.0","0.0","0.0","0","","","",""
"Jordan Addison","MIN","WR","BYE","0.0","0.0","0","0.0","0.0","0.0","0.0","0","","","",""
"George Pickens","PIT","WR","BYE","0.0","0.0","0","0.0","0.0","0.0","0.0","0","","","",""
"Courtland Sutton","DEN","WR","BYE","0.0","0.0","0","0.0","0.0","0.0","0.0","0","","","",""
"Quentin Johnston","LAC","WR","BYE","0.0","0.0","0","0.0","0.0","0.0","0.0","0","","","",""
"Jalen McMillan","TB","WR","BYE","0.0","0.0","0","0.0","0.0","0.0","0.0","0","","","",""
"Jayden Reed","GB","WR","BYE","0.0","0.0","0","0.0","0.0","0.0","0.0","0","","","",""
"Marvin Mims","DEN","WR","BYE","0.0","0.0","0","0.0","0.0","0.0","0.0","0","","","",""
"Romeo Doubs","GB","WR","BYE","0.0","0.0","0","0.0","0.0","0.0","0.0","0","","","",""
"T.J. Hockenson","MIN","TE","BYE","0.0","0.0","0","0.0","0.0","0.0","0.0","0","","","",""
"Pat Freiermuth","PIT","TE","BYE","0.0","0.0","0","0.0","0.0","0.0","0.0","0","","","",""
"Will Dissly","LAC","TE","BYE","0.0","0.0","0","0.0","0.0","0.0","0.0","0","","","",""
"Calvin Austin III","PIT","WR","BYE","0.0","0.0","0","0.0","0.0","0.0","0.0","0","","","",""
"Cade Otton","TB","TE","BYE","0.0","0.0","0","0.0","0.0","0.0","0.0","0","","","",""
"Tucker Kraft","GB","TE","BYE","0.0","0.0","0","0.0","0.0","0.0","0.0","0","","","",""
"Devaughn Vele","DEN","WR","BYE","0.0","0.0","0","0.0","0.0","0.0","0.0","0","","","",""
"Bucky Irving","TB","RB","BYE","0.0","0.0","0","0.0","0.0","0.0","0.0","0","","","",""
"Dontayvion Wicks","GB","WR","BYE","0.0","0.0","0","0.0","0.0","0.0","0.0","0","","","",""
"Jalen Nailor","MIN","WR","BYE","0.0","0.0","0","0.0","0.0","0.0","0.0","0","","","",""
"Sterling Shepard","TB","WR","BYE","0.0","0.0","0","0.0","0.0","0.0","0.0","0","","","",""
"Jaylen Warren","PIT","RB","BYE","0.0","0.0","0","0.0","0.0","0.0","0.0","0","","","",""
"Josh Jacobs","GB","RB","BYE","0.0","0.0","0","0.0","0.0","0.0","0.0","0","","","",""
"Troy Franklin","DEN","WR","BYE","0.0","0.0","0","0.0","0.0","0.0","0.0","0","","","",""
"Aaron Jones","MIN","RB","BYE","0.0","0.0","0","0.0","0.0","0.0","0.0","0","","","",""
"DJ Chark Jr.","LAC","WR","BYE","0.0","0.0","0","0.0","0.0","0.0","0.0","0","","","",""
"Van Jefferson","PIT","WR","BYE","0.0","0.0","0","0.0","0.0","0.0","0.0","0","","","",""
"Javonte Williams","DEN","RB","BYE","0.0","0.0","0","0.0","0.0","0.0","0.0","0","","","",""
"Najee Harris","PIT","RB","BYE","0.0","0.0","0","0.0","0.0","0.0","0.0","0","","","",""
"Mike Williams","PIT","WR","BYE","0.0","0.0","0","0.0","0.0","0.0","0.0","0","","","",""
"Stone Smartt","LAC","TE","BYE","0.0","0.0","0","0.0","0.0","0.0","0.0","0","","","",""
"Rachaad White","TB","RB","BYE","0.0","0.0","0","0.0","0.0","0.0","0.0","0","","","",""
"Derius Davis","LAC","WR","BYE","0.0","0.0","0","0.0","0.0","0.0","0.0","0","","","",""
"J.K. Dobbins","LAC","RB","BYE","0.0","0.0","0","0.0","0.0","0.0","0.0","0","","","",""
"Bo Melton","GB","WR","BYE","0.0","0.0","0","0.0","0.0","0.0","0.0","0","","","",""
"Lucas Krull","DEN","TE","BYE","0.0","0.0","0","0.0","0.0","0.0","0.0","0","","","",""
"Lil'Jordan Humphrey","DEN","WR","BYE","0.0","0.0","0","0.0","0.0","0.0","0.0","0","","","",""
"Adam Trautman","DEN","TE","BYE","0.0","0.0","0","0.0","0.0","0.0","0.0","0","","","",""
"Jaleel McLaughlin","DEN","RB","BYE","0.0","0.0","0","0.0","0.0","0.0","0.0","0","","","",""
"Darnell Washington","PIT","TE","BYE","0.0","0.0","0","0.0","0.0","0.0","0.0","0","","","",""
"Josh Oliver","MIN","TE","BYE","0.0","0.0","0","0.0","0.0","0.0","0.0","0","","","",""
"New HOU WR","HOU","WR","BYE","0.0","0.0","0","0.0","0.0","0.0","0.0","0","0.0","0","0",""
"Nate Adkins","DEN","TE","BYE","0.0","0.0","0","0.0","0.0","0.0","0.0","0","","","",""
"Malik Heath","GB","WR","BYE","0.0","0.0","0","0.0","0.0","0.0","0.0","0","","","",""
"Luke Musgrave","GB","TE","BYE","0.0","0.0","0","0.0","0.0","0.0","0.0","0","","","",""
"Tucker Fisk","LAC","TE","BYE","0.0","0.0","0","0.0","0.0","0.0","0.0","0","","","",""
"Cordarrelle Patterson","PIT","RB","BYE","0.0","0.0","0","0.0","0.0","0.0","0.0","0","","","",""
"Cam Akers","MIN","RB","BYE","0.0","0.0","0","0.0","0.0","0.0","0.0","0","","","",""
"Ryan Miller","TB","WR","BYE","0.0","0.0","0","0.0","0.0","0.0","0.0","0","","","",""
"MyCole Pruitt","PIT","TE","BYE","0.0","0.0","0","0.0","0.0","0.0","0.0","0","","","",""
"MyCole Pruitt","PIT","TE","BYE","0.0","0.0","0","0.0","0.0","0.0","0.0","0","","","",""
"Sean Tucker","TB","RB","BYE","0.0","0.0","0","0.0","0.0","0.0","0.0","0","","","",""
"Michael Burton","DEN","RB","BYE","0.0","0.0","0","0.0","0.0","0.0","0.0","0","","","",""
"Chris Brooks","GB","RB","BYE","0.0","0.0","0","0.0","0.0","0.0","0.0","0","","","",""
"Rakim Jarrett","TB","WR","BYE","0.0","0.0","0","0.0","0.0","0.0","0.0","0","","","",""
"Devin Culp","TB","TE","BYE","0.0","0.0","0","0.0","0.0","0.0","0.0","0","","","",""
"Trey Palmer","TB","WR","BYE","0.0","0.0","0","0.0","0.0","0.0","0.0","0","","","",""
"Connor Heyward","PIT","TE","BYE","0.0","0.0","0","0.0","0.0","0.0","0.0","0","","","",""
"Gus Edwards","LAC","RB","BYE","0.0","0.0","0","0.0","0.0","0.0","0.0","0","","","",""
"Payne Durham","TB","TE","BYE","0.0","0.0","0","0.0","0.0","0.0","0.0","0","","","",""
"Audric Estime","DEN","RB","BYE","0.0","0.0","0","0.0","0.0","0.0","0.0","0","","","",""
"Johnny Mundt","MIN","TE","BYE","0.0","0.0","0","0.0","0.0","0.0","0.0","0","","","",""
"Brandon Powell","MIN","WR","BYE","0.0","0.0","0","0.0","0.0","0.0","0.0","0","","","",""
"Trent Sherfield","MIN","WR","BYE","0.0","0.0","0","0.0","0.0","0.0","0.0","0","","","",""
"Emanuel Wilson","GB","RB","BYE","0.0","0.0","0","0.0","0.0","0.0","0.0","0","","","",""
"C.J. Ham","MIN","RB","BYE","0.0","0.0","0","0.0","0.0","0.0","0.0","0","","","",""
"Hayden Hurst","LAC","TE","BYE","0.0","0.0","0","0.0","0.0","0.0","0.0","0","","","",""
"Hassan Haskins","LAC","RB","BYE","0.0","0.0","0","0.0","0.0","0.0","0.0","0","","","",""
"Dez Fitzpatrick","LAC","WR","BYE","0.0","0.0","0","0.0","0.0","0.0","0.0","0","","","",""
"Keaton Mitchell","BAL","RB","BYE","0.0","0.0","0","0.0","0.0","0.0","0.0","0","0.0","0","0",""
"Scott Matlock","LAC","RB","BYE","0.0","0.0","0","0.0","0.0","0.0","0.0","0","","","",""
"Chris Rodriguez Jr.","WAS","RB","BYE","0.0","0.0","0","0.0","0.0","0.0","0.0","0","0.0","0","0",""
"Ben Sims","GB","TE","BYE","0.0","0.0","0","0.0","0.0","0.0","0.0","0","","","",""
"John FitzPatrick","GB","TE","BYE","0.0","0.0","0","0.0","0.0","0.0","0.0","0","","","",""
"Kimani Vidal","LAC","RB","BYE","0.0","0.0","0","0.0","0.0","0.0","0.0","0","","","",""
"Ko Kieft","TB","TE","BYE","0.0","0.0","0","0.0","0.0","0.0","0.0","0","","","",""
"Ty Chandler","MIN","RB","BYE","0.0","0.0","0","0.0","0.0","0.0","0.0","0","","","",""
"Ja'Marr Chase","CIN","WR","BYE","0.0","0.0","0","0.0","0.0","0.0","0.0","0","","","",""
"Brian Thomas Jr.","JAX","WR","BYE","0.0","0.0","0","0.0","0.0","0.0","0.0","0","","","",""
"Jaxon Smith-Njigba","SEA","WR","BYE","0.0","0.0","0","0.0","0.0","0.0","0.0","0","","","",""
"DK Metcalf","SEA","WR","BYE","0.0","0.0","0","0.0","0.0","0.0","0.0","0","","","",""
"Tee Higgins","CIN","WR","BYE","0.0","0.0","0","0.0","0.0","0.0","0.0","0","","","",""
"Malik Nabers","NYG","WR","BYE","0.0","0.0","0","0.0","0.0","0.0","0.0","0","","","",""
"Jakobi Meyers","LVR","WR","BYE","0.0","0.0","0","0.0","0.0","0.0","0.0","0","","","",""
"Tyreek Hill","MIA","WR","BYE","0.0","0.0","0","0.0","0.0","0.0","0.0","0","","","",""
"Brock Bowers","LVR","TE","BYE","0.0","0.0","0","0.0","0.0","0.0","0.0","0","","","",""
"Drake London","ATL","WR","BYE","0.0","0.0","0","0.0","0.0","0.0","0.0","0","","","",""
"Adam Thielen","CAR","WR","BYE","0.0","0.0","0","0.0","0.0","0.0","0.0","0","","","",""
"George Kittle","SF","TE","BYE","0.0","0.0","0","0.0","0.0","0.0","0.0","0","","","",""
"Trey McBride","ARI","TE","BYE","0.0","0.0","0","0.0","0.0","0.0","0.0","0","","","",""
"Jauan Jennings","SF","WR","BYE","0.0","0.0","0","0.0","0.0","0.0","0.0","0","","","",""
"Jerry Jeudy","CLE","WR","BYE","0.0","0.0","0","0.0","0.0","0.0","0.0","0","","","",""
"Zay Flowers","BAL","WR","BYE","0.0","0.0","0","0.0","0.0","0.0","0.0","0","0.0","0","0",""
"Calvin Ridley","TEN","WR","BYE","0.0","0.0","0","0.0","0.0","0.0","0.0","0","","","",""
"Darnell Mooney","ATL","WR","BYE","0.0","0.0","0","0.0","0.0","0.0","0.0","0","","","",""
"Davante Adams","NYJ","WR","BYE","0.0","0.0","0","0.0","0.0","0.0","0.0","0","","","",""
"Michael Pittman Jr.","IND","WR","BYE","0.0","0.0","0","0.0","0.0","0.0","0.0","0","","","",""
"Josh Downs","IND","WR","BYE","0.0","0.0","0","0.0","0.0","0.0","0.0","0","","","",""
"Garrett Wilson","NYJ","WR","BYE","0.0","0.0","0","0.0","0.0","0.0","0.0","0","","","",""
"Jaylen Waddle","MIA","WR","BYE","0.0","0.0","0","0.0","0.0","0.0","0.0","0","","","",""
"DJ Moore","CHI","WR","BYE","0.0","0.0","0","0.0","0.0","0.0","0.0","0","","","",""
"Keenan Allen","CHI","WR","BYE","0.0","0.0","0","0.0","0.0","0.0","0.0","0","","","",""
"Jalen Coker","CAR","WR","BYE","0.0","0.0","0","0.0","0.0","0.0","0.0","0","","","",""
"Kayshon Boutte","NE","WR","BYE","0.0","0.0","0","0.0","0.0","0.0","0.0","0","","","",""
"Alec Pierce","IND","WR","BYE","0.0","0.0","0","0.0","0.0","0.0","0.0","0","","","",""
"Deebo Samuel","SF","WR","BYE","0.0","0.0","0","0.0","0.0","0.0","0.0","0","","","",""
"Marvin Harrison Jr.","ARI","WR","BYE","0.0","0.0","0","0.0","0.0","0.0","0.0","0","","","",""
"Jonnu Smith","MIA","TE","BYE","0.0","0.0","0","0.0","0.0","0.0","0.0","0","","","",""
"Chigoziem Okonkwo","TEN","TE","BYE","0.0","0.0","0","0.0","0.0","0.0","0.0","0","","","",""
"Parker Washington","JAX","WR","BYE","0.0","0.0","0","0.0","0.0","0.0","0.0","0","","","",""
"Rome Odunze","CHI","WR","BYE","0.0","0.0","0","0.0","0.0","0.0","0.0","0","","","",""
"Marquez Valdes-Scantling","NO","WR","BYE","0.0","0.0","0","0.0","0.0","0.0","0.0","0","","","",""
"Demario Douglas","NE","WR","BYE","0.0","0.0","0","0.0","0.0","0.0","0.0","0","","","",""
"Hunter Henry","NE","TE","BYE","0.0","0.0","0","0.0","0.0","0.0","0.0","0","","","",""
"Ricky Pearsall","SF","WR","BYE","0.0","0.0","0","0.0","0.0","0.0","0.0","0","","","",""
"Nikko Remigio","KC","WR","@ PHI","0.0","0.0","0","0.0","0.0","0.0","0.0","0","0.0","0","0",""
"Nick Westbrook-Ikhine","TEN","WR","BYE","0.0","0.0","0","0.0","0.0","0.0","0.0","0","","","",""
"Brandin Cooks","DAL","WR","BYE","0.0","0.0","0","0.0","0.0","0.0","0.0","0","","","",""
"Xavier Legette","CAR","WR","BYE","0.0","0.0","0","0.0","0.0","0.0","0.0","0","","","",""
"Jake Ferguson","DAL","TE","BYE","0.0","0.0","0","0.0","0.0","0.0","0.0","0","","","",""
"Mike Gesicki","CIN","TE","BYE","0.0","0.0","0","0.0","0.0","0.0","0.0","0","","","",""
"Kyle Pitts","ATL","TE","BYE","0.0","0.0","0","0.0","0.0","0.0","0.0","0","","","",""
"Wan'Dale Robinson","NYG","WR","BYE","0.0","0.0","0","0.0","0.0","0.0","0.0","0","","","",""
"Ray-Ray McCloud III","ATL","WR","BYE","0.0","0.0","0","0.0","0.0","0.0","0.0","0","","","",""
"Brenton Strange","JAX","TE","BYE","0.0","0.0","0","0.0","0.0","0.0","0.0","0","","","",""
"Juwan Johnson","NO","TE","BYE","0.0","0.0","0","0.0","0.0","0.0","0.0","0","","","",""
"Jordan Akins","CLE","TE","BYE","0.0","0.0","0","0.0","0.0","0.0","0.0","0","","","",""
"Devon Achane","MIA","RB","BYE","0.0","0.0","0","0.0","0.0","0.0","0.0","0","","","",""
"Tyler Lockett","SEA","WR","BYE","0.0","0.0","0","0.0","0.0","0.0","0.0","0","","","",""
"Austin Hooper","NE","TE","BYE","0.0","0.0","0","0.0","0.0","0.0","0.0","0","","","",""
"Foster Moreau","NO","TE","BYE","0.0","0.0","0","0.0","0.0","0.0","0.0","0","","","",""
"Andrei Iosivas","CIN","WR","BYE","0.0","0.0","0","0.0","0.0","0.0","0.0","0","","","",""
"Tre Tucker","LVR","WR","BYE","0.0","0.0","0","0.0","0.0","0.0","0.0","0","","","",""
"Tyrell Shavers","BUF","WR","BYE","0.0","0.0","0","0.0","0.0","0.0","0.0","0","0.0","0","0",""
"Jalen Tolbert","DAL","WR","BYE","0.0","0.0","0","0.0","0.0","0.0","0.0","0","","","",""
"Noah Fant","SEA","TE","BYE","0.0","0.0","0","0.0","0.0","0.0","0.0","0","","","",""
"Cole Kmet","CHI","TE","BYE","0.0","0.0","0","0.0","0.0","0.0","0.0","0","","","",""
"Allen Lazard","NYJ","WR","BYE","0.0","0.0","0","0.0","0.0","0.0","0.0","0","","","",""
"Darius Slayton","NYG","WR","BYE","0.0","0.0","0","0.0","0.0","0.0","0.0","0","","","",""
"Tyler Conklin","NYJ","TE","BYE","0.0","0.0","0","0.0","0.0","0.0","0.0","0","","","",""
"Kendrick Bourne","NE","WR","BYE","0.0","0.0","0","0.0","0.0","0.0","0.0","0","","","",""
"Kevin Austin Jr.","NO","WR","BYE","0.0","0.0","0","0.0","0.0","0.0","0.0","0","","","",""
"Bijan Robinson","ATL","RB","BYE","0.0","0.0","0","0.0","0.0","0.0","0.0","0","","","",""
"Michael Wilson","ARI","WR","BYE","0.0","0.0","0","0.0","0.0","0.0","0.0","0","","","",""
"D'Onta Foreman","CLE","RB","BYE","0.0","0.0","0","0.0","0.0","0.0","0.0","0","","","",""
"Elijah Moore","CLE","WR","BYE","0.0","0.0","0","0.0","0.0","0.0","0.0","0","","","",""
"KaVontae Turpin","DAL","WR","BYE","0.0","0.0","0","0.0","0.0","0.0","0.0","0","","","",""
"Adonai Mitchell","IND","WR","BYE","0.0","0.0","0","0.0","0.0","0.0","0.0","0","","","",""
"Breece Hall","NYJ","RB","BYE","0.0","0.0","0","0.0","0.0","0.0","0.0","0","","","",""
"Dante Pettis","NO","WR","BYE","0.0","0.0","0","0.0","0.0","0.0","0.0","0","","","",""
"Mike Woods","CLE","WR","BYE","0.0","0.0","0","0.0","0.0","0.0","0.0","0","","","",""
"Ja'Tavion Sanders","CAR","TE","BYE","0.0","0.0","0","0.0","0.0","0.0","0.0","0","","","",""
"Tommy Tremble","CAR","TE","BYE","0.0","0.0","0","0.0","0.0","0.0","0.0","0","","","",""
"Mason Kinsey","TEN","WR","BYE","0.0","0.0","0","0.0","0.0","0.0","0.0","0","","","",""
"Daniel Bellinger","NYG","TE","BYE","0.0","0.0","0","0.0","0.0","0.0","0.0","0","","","",""
"Malik Washington","MIA","WR","BYE","0.0","0.0","0","0.0","0.0","0.0","0.0","0","","","",""
"Cedrick Wilson","NO","WR","BYE","0.0","0.0","0","0.0","0.0","0.0","0.0","0","","","",""
"Devin Duvernay","JAX","WR","BYE","0.0","0.0","0","0.0","0.0","0.0","0.0","0","","","",""
"Kylen Granson","IND","TE","BYE","0.0","0.0","0","0.0","0.0","0.0","0.0","0","","","",""
"Alexander Mattison","LVR","RB","BYE","0.0","0.0","0","0.0","0.0","0.0","0.0","0","","","",""
"Zach Charbonnet","SEA","RB","BYE","0.0","0.0","0","0.0","0.0","0.0","0.0","0","","","",""
"David Moore","CAR","WR","BYE","0.0","0.0","0","0.0","0.0","0.0","0.0","0","","","",""
"D'Andre Swift","CHI","RB","BYE","0.0","0.0","0","0.0","0.0","0.0","0.0","0","","","",""
"Tony Pollard","TEN","RB","BYE","0.0","0.0","0","0.0","0.0","0.0","0.0","0","","","",""
"Carson Steele","KC","RB","@ PHI","0.1","0.2","0","0.0","0.0","0.0","0.0","0","0.0","0","0",""
"Rico Dowdle","DAL","RB","BYE","0.0","0.0","0","0.0","0.0","0.0","0.0","0","","","",""
"Tyrone Tracy Jr.","NYG","RB","BYE","0.0","0.0","0","0.0","0.0","0.0","0.0","0","","","",""
"Clyde Edwards-Helaire","NO","RB","BYE","0.0","0.0","0","0.0","0.0","0.0","0.0","0","","","",""
"Michael Mayer","LVR","TE","BYE","0.0","0.0","0","0.0","0.0","0.0","0.0","0","","","",""
"Anthony Firkser","KC","TE","@ PHI","0.0","0.0","0","0.0","0.0","0.0","0.0","0","0.0","0","0",""
"Jonathan Taylor","IND","RB","BYE","0.0","0.0","0","0.0","0.0","0.0","0.0","0","","","",""
"Josh Reynolds","JAX","WR","BYE","0.0","0.0","0","0.0","0.0","0.0","0.0","0","","","",""
"Blake Corum","LAR","RB","BYE","0.0","0.0","0","0.0","0.0","0.0","0.0","0","0.0","0","0",""
"Khalil Herbert","CIN","RB","BYE","0.0","0.0","0","0.0","0.0","0.0","0.0","0","","","",""
"Isaac Guerendo","SF","RB","BYE","0.0","0.0","0","0.0","0.0","0.0","0.0","0","","","",""
"Jonathan Mingo","DAL","WR","BYE","0.0","0.0","0","0.0","0.0","0.0","0.0","0","","","",""
"Ryan Flournoy","DAL","WR","BYE","0.0","0.0","0","0.0","0.0","0.0","0.0","0","","","",""
"Michael Carter","ARI","RB","BYE","0.0","0.0","0","0.0","0.0","0.0","0.0","0","","","",""
"Travis Etienne Jr.","JAX","RB","BYE","0.0","0.0","0","0.0","0.0","0.0","0.0","0","","","",""
"Raheem Mostert","MIA","RB","BYE","0.0","0.0","0","0.0","0.0","0.0","0.0","0","","","",""
"Charlie Woerner","ATL","TE","BYE","0.0","0.0","0","0.0","0.0","0.0","0.0","0","","","",""
"Jordan Mims","NO","RB","BYE","0.0","0.0","0","0.0","0.0","0.0","0.0","0","","","",""
"Antonio Gibson","NE","RB","BYE","0.0","0.0","0","0.0","0.0","0.0","0.0","0","","","",""
"Jake Bobo","SEA","WR","BYE","0.0","0.0","0","0.0","0.0","0.0","0.0","0","","","",""
"Greg Dortch","ARI","WR","BYE","0.0","0.0","0","0.0","0.0","0.0","0.0","0","","","",""
"KhaDarel Hodge","ATL","WR","BYE","0.0","0.0","0","0.0","0.0","0.0","0.0","0","","","",""
"Jamari Thrash","CLE","WR","BYE","0.0","0.0","0","0.0","0.0","0.0","0.0","0","","","",""
"Luke Farrell","JAX","TE","BYE","0.0","0.0","0","0.0","0.0","0.0","0.0","0","","","",""
"AJ Barner","SEA","TE","BYE","0.0","0.0","0","0.0","0.0","0.0","0.0","0","","","",""
"Bryce Oliver","TEN","WR","BYE","0.0","0.0","0","0.0","0.0","0.0","0.0","0","","","",""
"Mason Tipton","NO","WR","BYE","0.0","0.0","0","0.0","0.0","0.0","0.0","0","","","",""
"Rhamondre Stevenson","NE","RB","BYE","0.0","0.0","0","0.0","0.0","0.0","0.0","0","","","",""
"Blake Whiteheart","CLE","TE","BYE","0.0","0.0","0","0.0","0.0","0.0","0.0","0","","","",""
"John Kelly","CLE","RB","BYE","0.0","0.0","0","0.0","0.0","0.0","0.0","0","","","",""
"Drew Sample","CIN","TE","BYE","0.0","0.0","0","0.0","0.0","0.0","0.0","0","","","",""
"Miles Sanders","CAR","RB","BYE","0.0","0.0","0","0.0","0.0","0.0","0.0","0","","","",""
"Elijah Higgins","ARI","TE","BYE","0.0","0.0","0","0.0","0.0","0.0","0.0","0","","","",""
"Anthony Gould","IND","WR","BYE","0.0","0.0","0","0.0","0.0","0.0","0.0","0","","","",""
"Kyle Juszczyk","SF","RB","BYE","0.0","0.0","0","0.0","0.0","0.0","0.0","0","","","",""
"Josh Whyle","TEN","TE","BYE","0.0","0.0","0","0.0","0.0","0.0","0.0","0","","","",""
"Terrace Marshall Jr.","LVR","WR","BYE","0.0","0.0","0","0.0","0.0","0.0","0.0","0","","","",""
"Braelon Allen","NYJ","RB","BYE","0.0","0.0","0","0.0","0.0","0.0","0.0","0","","","",""
"Nick Vannett","TEN","TE","BYE","0.0","0.0","0","0.0","0.0","0.0","0.0","0","","","",""
"Jalin Hyatt","NYG","WR","BYE","0.0","0.0","0","0.0","0.0","0.0","0.0","0","","","",""
"Jeremy Ruckert","NYJ","TE","BYE","0.0","0.0","0","0.0","0.0","0.0","0.0","0","","","",""
"Zay Jones","ARI","WR","BYE","0.0","0.0","0","0.0","0.0","0.0","0.0","0","","","",""
"Kenny Yeboah","NYJ","TE","BYE","0.0","0.0","0","0.0","0.0","0.0","0.0","0","","","",""
"Kenny McIntosh","SEA","RB","BYE","0.0","0.0","0","0.0","0.0","0.0","0.0","0","","","",""
"Tim Jones","JAX","WR","BYE","0.0","0.0","0","0.0","0.0","0.0","0.0","0","","","",""
"Mo Alie-Cox","IND","TE","BYE","0.0","0.0","0","0.0","0.0","0.0","0.0","0","","","",""
"Hunter Luepke","DAL","RB","BYE","0.0","0.0","0","0.0","0.0","0.0","0.0","0","","","",""
"Trayveon Williams","CIN","RB","BYE","0.0","0.0","0","0.0","0.0","0.0","0.0","0","","","",""
"Cam Grandy","CIN","TE","BYE","0.0","0.0","0","0.0","0.0","0.0","0.0","0","","","",""
"Jalen Brooks","DAL","WR","BYE","0.0","0.0","0","0.0","0.0","0.0","0.0","0","","","",""
"Javon Baker","NE","WR","BYE","0.0","0.0","0","0.0","0.0","0.0","0.0","0","","","",""
"Isaiah Davis","NYJ","RB","BYE","0.0","0.0","0","0.0","0.0","0.0","0.0","0","","","",""
"Jermaine Jackson","NO","WR","BYE","0.0","0.0","0","0.0","0.0","0.0","0.0","0","","","",""
"K.J. Osborn","WAS","WR","BYE","0.0","0.0","0","0.0","0.0","0.0","0.0","0","0.0","0","0",""
"K.J. Osborn","WAS","WR","BYE","0.0","0.0","0","0.0","0.0","0.0","0.0","0","0.0","0","0",""
"Devin Singletary","NYG","RB","BYE","0.0","0.0","0","0.0","0.0","0.0","0.0","0","","","",""
"DeeJay Dallas","ARI","RB","BYE","0.0","0.0","0","0.0","0.0","0.0","0.0","0","","","",""
"Dan Chisena","CAR","WR","BYE","0.0","0.0","0","0.0","0.0","0.0","0.0","0","","","",""
"River Cracraft","MIA","WR","BYE","0.0","0.0","0","0.0","0.0","0.0","0.0","0","","","",""
"Roschon Johnson","CHI","RB","BYE","0.0","0.0","0","0.0","0.0","0.0","0.0","0","","","",""
"Julian Hill","MIA","TE","BYE","0.0","0.0","0","0.0","0.0","0.0","0.0","0","","","",""
"Tip Reiman","ARI","TE","BYE","0.0","0.0","0","0.0","0.0","0.0","0.0","0","","","",""
"Gerald Everett","CHI","TE","BYE","0.0","0.0","0","0.0","0.0","0.0","0.0","0","","","",""
"Eric Saubert","SF","TE","BYE","0.0","0.0","0","0.0","0.0","0.0","0.0","0","","","",""
"Alec Ingold","MIA","RB","BYE","0.0","0.0","0","0.0","0.0","0.0","0.0","0","","","",""
"Josiah Deguara","JAX","TE","BYE","0.0","0.0","0","0.0","0.0","0.0","0.0","0","","","",""
"Tank Bigsby","JAX","RB","BYE","0.0","0.0","0","0.0","0.0","0.0","0.0","0","","","",""
"Brycen Tremayne","WAS","WR","BYE","0.0","0.0","0","0.0","0.0","0.0","0.0","0","0.0","0","0",""
"Tyler Allgeier","ATL","RB","BYE","0.0","0.0","0","0.0","0.0","0.0","0.0","0","","","",""
"Durham Smythe","MIA","TE","BYE","0.0","0.0","0","0.0","0.0","0.0","0.0","0","","","",""
"Jermaine Burton","CIN","WR","BYE","0.0","0.0","0","0.0","0.0","0.0","0.0","0","","","",""
"Deuce Vaughn","DAL","RB","BYE","0.0","0.0","0","0.0","0.0","0.0","0.0","0","","","",""
"Chris Conley","SF","WR","BYE","0.0","0.0","0","0.0","0.0","0.0","0.0","0","","","",""
"Malachi Corley","NYJ","WR","BYE","0.0","0.0","0","0.0","0.0","0.0","0.0","0","","","",""
"Ja'Lynn Polk","NE","WR","BYE","0.0","0.0","0","0.0","0.0","0.0","0.0","0","","","",""
"Xavier Gipson","NYJ","WR","BYE","0.0","0.0","0","0.0","0.0","0.0","0.0","0","","","",""
"Trey Sermon","IND","RB","BYE","0.0","0.0","0","0.0","0.0","0.0","0.0","0","","","",""
"Jamaal Williams","NO","RB","BYE","0.0","0.0","0","0.0","0.0","0.0","0.0","0","","","",""
"Dallin Holker","NO","TE","BYE","0.0","0.0","0","0.0","0.0","0.0","0.0","0","","","",""
"Pharaoh Brown","SEA","TE","BYE","0.0","0.0","0","0.0","0.0","0.0","0.0","0","","","",""
"Julius Chestnut","TEN","RB","BYE","0.0","0.0","0","0.0","0.0","0.0","0.0","0","","","",""
"Jacob Kibodi","CLE","RB","BYE","0.0","0.0","0","0.0","0.0","0.0","0.0","0","","","",""
"Jaheim Bell","NE","TE","BYE","0.0","0.0","0","0.0","0.0","0.0","0.0","0","","","",""
"Ashton Dulin","IND","WR","BYE","0.0","0.0","0","0.0","0.0","0.0","0.0","0","","","",""
"Luke Schoonmaker","DAL","TE","BYE","0.0","0.0","0","0.0","0.0","0.0","0.0","0","","","",""
"Raheem Blackshear","CAR","RB","BYE","0.0","0.0","0","0.0","0.0","0.0","0.0","0","","","",""
"Chris Collier","LVR","RB","BYE","0.0","0.0","0","0.0","0.0","0.0","0.0","0","","","",""
"Dylan Laube","LVR","RB","BYE","0.0","0.0","0","0.0","0.0","0.0","0.0","0","","","",""
"Ezekiel Elliott","DAL","RB","BYE","0.0","0.0","0","0.0","0.0","0.0","0.0","0","","","",""
"D'Ernest Johnson","JAX","RB","BYE","0.0","0.0","0","0.0","0.0","0.0","0.0","0","","","",""
"Ramel Keyton","LVR","WR","BYE","0.0","0.0","0","0.0","0.0","0.0","0.0","0","","","",""
"Andrew Ogletree","IND","TE","BYE","0.0","0.0","0","0.0","0.0","0.0","0.0","0","","","",""
"Greg Dulcich","NYG","TE","BYE","0.0","0.0","0","0.0","0.0","0.0","0.0","0","","","",""
"Greg Dulcich","NYG","TE","BYE","0.0","0.0","0","0.0","0.0","0.0","0.0","0","","","",""
"Tyler Goodson","IND","RB","BYE","0.0","0.0","0","0.0","0.0","0.0","0.0","0","","","",""
"Ben Skowronek","PIT","WR","BYE","0.0","0.0","0","0.0","0.0","0.0","0.0","0","","","",""
"Dee Eskridge","MIA","WR","BYE","0.0","0.0","0","0.0","0.0","0.0","0.0","0","","","",""
"Velus Jones Jr.","CAR","WR","BYE","0.0","0.0","0","0.0","0.0","0.0","0.0","0","","","",""
"Rasheen Ali","BAL","RB","BYE","0.0","0.0","0","0.0","0.0","0.0","0.0","0","0.0","0","0",""
"James Proche","CLE","WR","BYE","0.0","0.0","0","0.0","0.0","0.0","0.0","0","","","",""
"Scott Miller","PIT","WR","BYE","0.0","0.0","0","0.0","0.0","0.0","0.0","0","","","",""
"Jacob Cowing","SF","WR","BYE","0.0","0.0","0","0.0","0.0","0.0","0.0","0","","","",""
"Brenden Bates","CLE","TE","BYE","0.0","0.0","0","0.0","0.0","0.0","0.0","0","","","",""
"Isaiah Williams","CIN","WR","BYE","0.0","0.0","0","0.0","0.0","0.0","0.0","0","","","",""
"Brevyn Spann-Ford","DAL","TE","BYE","0.0","0.0","0","0.0","0.0","0.0","0.0","0","","","",""
"Patrick Taylor","SF","RB","BYE","0.0","0.0","0","0.0","0.0","0.0","0.0","0","","","",""
"Chris Manhertz","NYG","TE","BYE","0.0","0.0","0","0.0","0.0","0.0","0.0","0","","","",""
"Chris Manhertz","NYG","TE","BYE","0.0","0.0","0","0.0","0.0","0.0","0.0","0","","","",""
"Harrison Bryant","LVR","TE","BYE","0.0","0.0","0","0.0","0.0","0.0","0.0","0","","","",""
"Will Mallory","IND","TE","BYE","0.0","0.0","0","0.0","0.0","0.0","0.0","0","","","",""
"Feleipe Franks","CAR","TE","BYE","0.0","0.0","0","0.0","0.0","0.0","0.0","0","","","",""
"Chris Blair","ATL","WR","BYE","0.0","0.0","0","0.0","0.0","0.0","0.0","0","","","",""
"Jermar Jefferson","DET","RB","BYE","0.0","0.0","0","0.0","0.0","0.0","0.0","0","0.0","0","0",""
"JaMycal Hasty","NE","RB","BYE","0.0","0.0","0","0.0","0.0","0.0","0.0","0","","","",""
"Mike Boone","CAR","RB","BYE","0.0","0.0","0","0.0","0.0","0.0","0.0","0","","","",""
"Adam Prentice","NO","RB","BYE","0.0","0.0","0","0.0","0.0","0.0","0.0","0","","","",""
"George Holani","SEA","RB","BYE","0.0","0.0","0","0.0","0.0","0.0","0.0","0","","","",""
"Ross Dwelley","ATL","TE","BYE","0.0","0.0","0","0.0","0.0","0.0","0.0","0","","","",""
"Collin Johnson","CHI","WR","BYE","0.0","0.0","0","0.0","0.0","0.0","0.0","0","","","",""
"Marcedes Lewis","CHI","TE","BYE","0.0","0.0","0","0.0","0.0","0.0","0.0","0","","","",""
"Brayden Willis","SF","TE","BYE","0.0","0.0","0","0.0","0.0","0.0","0.0","0","","","",""
"Sione Vaki","DET","RB","BYE","0.0","0.0","0","0.0","0.0","0.0","0.0","0","0.0","0","0",""
"Travis Homer","CHI","RB","BYE","0.0","0.0","0","0.0","0.0","0.0","0.0","0","","","",""
"Eric Gray","NYG","RB","BYE","0.0","0.0","0","0.0","0.0","0.0","0.0","0","","","",""
"Jeff Wilson Jr.","MIA","RB","BYE","0.0","0.0","0","0.0","0.0","0.0","0.0","0","","","",""
"Tanner McLachlan","CIN","TE","BYE","0.0","0.0","0","0.0","0.0","0.0","0.0","0","","","",""
"Dareke Young","SEA","WR","BYE","0.0","0.0","0","0.0","0.0","0.0","0.0","0","","","",""
"Avery Williams","ATL","RB","BYE","0.0","0.0","0","0.0","0.0","0.0","0.0","0","","","",""
"John Shenker","LVR","TE","BYE","0.0","0.0","0","0.0","0.0","0.0","0.0","0","","","",""
"DeAndre Carter","CHI","WR","BYE","0.0","0.0","0","0.0","0.0","0.0","0.0","0","","","",""
"Tyquan Thornton","KC","WR","@ PHI","0.0","0.0","0","0.0","0.0","0.0","0.0","0","0.0","0","0",""
"Justyn Ross","KC","WR","@ PHI","0.0","0.0","0","0.0","0.0","0.0","0.0","0","0.0","0","0",""
"Jalen Virgil","BUF","WR","BYE","0.0","0.0","0","0.0","0.0","0.0","0.0","0","0.0","0","0",""
"Tyler Boyd","TEN","WR","BYE","0.0","0.0","0","0.0","0.0","0.0","0.0","0","","","",""
"Zach Davidson","BUF","TE","BYE","0.0","0.0","0","0.0","0.0","0.0","0.0","0","0.0","0","0",""
"KJ Hamler","BUF","WR","BYE","0.0","0.0","0","0.0","0.0","0.0","0.0","0","0.0","0","0",""
"Ameer Abdullah","LVR","RB","BYE","0.0","0.0","0","0.0","0.0","0.0","0.0","0","","","",""
"Keaontay Ingram","KC","RB","@ PHI","0.0","0.0","0","0.0","0.0","0.0","0.0","0","0.0","0","0",""
"C.J. Uzomah","PHI","TE","@ KC","0.0","0.0","0","0.0","0.0","0.0","0.0","0","0.0","0","0",""
"Frank Gore Jr.","BUF","RB","BYE","0.0","0.0","0","0.0","0.0","0.0","0.0","0","0.0","0","0",""
"Danny Gray","PHI","WR","@ KC","0.0","0.0","0","0.0","0.0","0.0","0.0","0","0.0","0","0",""
"Tyrion Davis-Price","PHI","RB","@ KC","0.0","0.0","0","0.0","0.0","0.0","0.0","0","0.0","0","0",""
"Khari Blasingame","PHI","RB","@ KC","0.0","0.0","0","0.0","0.0","0.0","0.0","0","0.0","0","0",""
"Joshua Kelley","TEN","RB","BYE","0.0","0.0","0","0.0","0.0","0.0","0.0","0","","","",""
"Joshua Palmer","LAC","WR","BYE","0.0","0.0","0","0.0","0.0","0.0","0.0","0","","","",""
"Britain Covey","PHI","WR","@ KC","0.0","0.0","0","0.0","0.0","0.0","0.0","0","0.0","0","0",""
"Pierre Strong Jr.","CLE","RB","BYE","0.0","0.0","0","0.0","0.0","0.0","0.0","0","","","",""
"Jerome Ford","CLE","RB","BYE","0.0","0.0","0","0.0","0.0","0.0","0.0","0","","","",""
"Trey Benson","ARI","RB","BYE","0.0","0.0","0","0.0","0.0","0.0","0.0","0","","","",""
"Deven Thompkins","CAR","WR","BYE","0.0","0.0","0","0.0","0.0","0.0","0.0","0","","","",""
"Chase Brown","CIN","RB","BYE","0.0","0.0","0","0.0","0.0","0.0","0.0","0","","","",""
"Mecole Hardman Jr.","KC","WR","@ PHI","0.0","0.0","0","0.0","0.0","0.0","0.0","0","0.0","0","0",""
"Tyjae Spears","TEN","RB","BYE","0.0","0.0","0","0.0","0.0","0.0","0.0","0","","","",""
"James Conner","ARI","RB","BYE","0.0","0.0","0","0.0","0.0","0.0","0.0","0","","","",""
"Kendre Miller","NO","RB","BYE","0.0","0.0","0","0.0","0.0","0.0","0.0","0","","","",""
"Jaylen Wright","MIA","RB","BYE","0.0","0.0","0","0.0","0.0","0.0","0.0","0","","","",""
"Princeton Fant","DAL","TE","BYE","0.0","0.0","0","0.0","0.0","0.0","0.0","0","","","",""
"Keilan Robinson","JAX","RB","BYE","0.0","0.0","0","0.0","0.0","0.0","0.0","0","","","",""
"Ke'Shawn Vaughn","SF","RB","BYE","0.0","0.0","0","0.0","0.0","0.0","0.0","0","","","",""
"Israel Abanikanda","SF","RB","BYE","0.0","0.0","0","0.0","0.0","0.0","0.0","0","","","",""
"Chuba Hubbard","CAR","RB","BYE","0.0","0.0","0","0.0","0.0","0.0","0.0","0","","","",""
"Christian Watson","GB","WR","BYE","0.0","0.0","0","0.0","0.0","0.0","0.0","0","","","",""
"David Njoku","CLE","TE","BYE","0.0","0.0","0","0.0","0.0","0.0","0.0","0","","","",""
"CeeDee Lamb","DAL","WR","BYE","0.0","0.0","0","0.0","0.0","0.0","0.0","0","","","",""
"Blake Watson","DEN","RB","BYE","0.0","0.0","0","0.0","0.0","0.0","0.0","0","","","",""
"Zaire Mitchell-Paden","BAL","TE","BYE","0.0","0.0","0","0.0","0.0","0.0","0.0","0","0.0","0","0",""
"Tank Dell","HOU","WR","BYE","0.0","0.0","0","0.0","0.0","0.0","0.0","0","0.0","0","0",""
"Ken Walker","SEA","RB","BYE","0.0","0.0","0","0.0","0.0","0.0","0.0","0","","","",""
"Cedric Tillman","CLE","WR","BYE","0.0","0.0","0","0.0","0.0","0.0","0.0","0","","","",""
"Cole Turner","WAS","TE","BYE","0.0","0.0","0","0.0","0.0","0.0","0.0","0","0.0","0","0",""
"J.J. Taylor","HOU","RB","BYE","0.0","0.0","0","0.0","0.0","0.0","0.0","0","0.0","0","0",""
"New GB RB","GB","RB","BYE","0.0","0.0","0","0.0","0.0","0.0","0.0","0","","","",""
"Darrynton Evans","CHI","RB","BYE","0.0","0.0","0","0.0","0.0","0.0","0.0","0","","","",""
"Zack Kuntz","NYJ","TE","BYE","0.0","0.0","0","0.0","0.0","0.0","0.0","0","","","",""
"Sincere McCormick","LVR","RB","BYE","0.0","0.0","0","0.0","0.0","0.0","0.0","0","","","",""
"Kristian Wilkerson","LVR","WR","BYE","0.0","0.0","0","0.0","0.0","0.0","0.0","0","","","",""
"Alvin Kamara","NO","RB","BYE","0.0","0.0","0","0.0","0.0","0.0","0.0","0","","","",""
"Nick Chubb","CLE","RB","BYE","0.0","0.0","0","0.0","0.0","0.0","0.0","0","","","",""
"Joshua Cephus","JAX","WR","BYE","0.0","0.0","0","0.0","0.0","0.0","0.0","0","","","",""
"Cody White","SEA","WR","BYE","0.0","0.0","0","0.0","0.0","0.0","0.0","0","","","",""
"Brady Russell","SEA","TE","BYE","0.0","0.0","0","0.0","0.0","0.0","0.0","0","","","",""
"David Martin-Robinson","TEN","TE","BYE","0.0","0.0","0","0.0","0.0","0.0","0.0","0","","","",""
"Jack Westover","NE","TE","BYE","0.0","0.0","0","0.0","0.0","0.0","0.0","0","","","",""
"Emari Demercado","ARI","RB","BYE","0.0","0.0","0","0.0","0.0","0.0","0.0","0","","","",""
"Kene Nwangwu","NYJ","RB","BYE","0.0","0.0","0","0.0","0.0","0.0","0.0","0","","","",""
"Evan Engram","JAX","TE","BYE","0.0","0.0","0","0.0","0.0","0.0","0.0","0","","","",""
"Odell Beckham Jr.","MIA","WR","BYE","0.0","0.0","0","0.0","0.0","0.0","0.0","0","","","",""
"Kadarius Toney","CLE","WR","BYE","0.0","0.0","0","0.0","0.0","0.0","0.0","0","","","",""
"Trenton Irwin","CIN","WR","BYE","0.0","0.0","0","0.0","0.0","0.0","0.0","0","","","",""
"Noah Brown","WAS","WR","BYE","0.0","0.0","0","0.0","0.0","0.0","0.0","0","0.0","0","0",""
"Tanner Conner","MIA","TE","BYE","0.0","0.0","0","0.0","0.0","0.0","0.0","0","","","",""
"Kendric Pryor","CIN","WR","BYE","0.0","0.0","0","0.0","0.0","0.0","0.0","0","","","",""
"Jalen Reagor","LAC","WR","BYE","0.0","0.0","0","0.0","0.0","0.0","0.0","0","","","",""
"Jalen Reagor","LAC","WR","BYE","0.0","0.0","0","0.0","0.0","0.0","0.0","0","","","",""
"Jonathon Brooks","CAR","RB","BYE","0.0","0.0","0","0.0","0.0","0.0","0.0","0","","","",""
"Jha'Quan Jackson","TEN","WR","BYE","0.0","0.0","0","0.0","0.0","0.0","0.0","0","","","",""
"Alex Bachman","LVR","WR","BYE","0.0","0.0","0","0.0","0.0","0.0","0.0","0","","","",""
"Justin Shorter","LVR","TE","BYE","0.0","0.0","0","0.0","0.0","0.0","0.0","0","","","",""
"Theo Johnson","NYG","TE","BYE","0.0","0.0","0","0.0","0.0","0.0","0.0","0","","","",""
"DJ Turner","LVR","WR","BYE","0.0","0.0","0","0.0","0.0","0.0","0.0","0","","","",""
"Ian Thomas","CAR","TE","BYE","0.0","0.0","0","0.0","0.0","0.0","0.0","0","","","",""
"Robert Tonyan","MIN","TE","BYE","0.0","0.0","0","0.0","0.0","0.0","0.0","0","","","",""
"Jordan Matthews","CAR","TE","BYE","0.0","0.0","0","0.0","0.0","0.0","0.0","0","","","",""
"New SEA WR","SEA","WR","BYE","0.0","0.0","0","0.0","0.0","0.0","0.0","0","","","",""
"Ihmir Smith-Marsette","NYG","WR","BYE","0.0","0.0","0","0.0","0.0","0.0","0.0","0","","","",""
"Christian McCaffrey","SF","RB","BYE","0.0","0.0","0","0.0","0.0","0.0","0.0","0","","","",""
"Jordan Mason","SF","RB","BYE","0.0","0.0","0","0.0","0.0","0.0","0.0","0","","","",""
"Taysom Hill","NO","TE","BYE","0.0","0.0","0","0.0","0.0","0.0","0.0","0","","","",""
"Jaelon Darden","CLE","WR","BYE","0.0","0.0","0","0.0","0.0","0.0","0.0","0","","","",""
"New DET WR","DET","WR","BYE","0.0","0.0","0","0.0","0.0","0.0","0.0","0","0.0","0","0",""
"Laquon Treadwell","IND","RB","BYE","0.0","0.0","0","0.0","0.0","0.0","0.0","0","","","",""
"Laquon Treadwell","IND","RB","BYE","0.0","0.0","0","0.0","0.0","0.0","0.0","0","","","",""
"Tyler Scott","CHI","WR","BYE","0.0","0.0","0","0.0","0.0","0.0","0.0","0","","","",""
"Brandon Johnson","PIT","WR","BYE","0.0","0.0","0","0.0","0.0","0.0","0.0","0","","","",""
"Brandon Johnson","PIT","WR","BYE","0.0","0.0","0","0.0","0.0","0.0","0.0","0","","","",""
"Jack Stoll","PHI","TE","@ KC","0.0","0.0","0","0.0","0.0","0.0","0.0","0","0.0","0","0",""
"Andrew Beck","HOU","RB","BYE","0.0","0.0","0","0.0","0.0","0.0","0.0","0","0.0","0","0",""
"Zamir White","LVR","RB","BYE","0.0","0.0","0","0.0","0.0","0.0","0.0","0","","","",""
"Marquez Callaway","TB","WR","BYE","0.0","0.0","0","0.0","0.0","0.0","0.0","0","","","",""
"Jake Tonges","SF","TE","BYE","0.0","0.0","0","0.0","0.0","0.0","0.0","0","","","",""
"Ronnie Bell","SF","WR","BYE","0.0","0.0","0","0.0","0.0","0.0","0.0","0","","","",""
"Gabe Davis","JAX","WR","BYE","0.0","0.0","0","0.0","0.0","0.0","0.0","0","","","",""
"Dalvin Cook","DAL","RB","BYE","0.0","0.0","0","0.0","0.0","0.0","0.0","0","","","",""
"New NE WR 2","NE","WR","BYE","0.0","0.0","0","0.0","0.0","0.0","0.0","0","","","",""
"Irvin Charles","NYJ","WR","BYE","0.0","0.0","0","0.0","0.0","0.0","0.0","0","","","",""
"Myles Gaskin","MIN","RB","BYE","0.0","0.0","0","0.0","0.0","0.0","0.0","0","","","",""
"Equanimeous St. Brown","NO","WR","BYE","0.0","0.0","0","0.0","0.0","0.0","0.0","0","","","",""
"Simi Fehoko","LAC","WR","BYE","0.0","0.0","0","0.0","0.0","0.0","0.0","0","","","",""
"Casey Washington","ATL","WR","BYE","0.0","0.0","0","0.0","0.0","0.0","0.0","0","","","",""
"Parker Hesse","DET","TE","BYE","0.0","0.0","0","0.0","0.0","0.0","0.0","0","0.0","0","0",""
"Chris Olave","NO","WR","BYE","0.0","0.0","0","0.0","0.0","0.0","0.0","0","","","",""
"New NYJ WR","NYJ","WR","BYE","0.0","0.0","0","0.0","0.0","0.0","0.0","0","","","",""
"Charlie Jones","CIN","WR","BYE","0.0","0.0","0","0.0","0.0","0.0","0.0","0","","","",""
"New CHI RB","CHI","RB","BYE","0.0","0.0","0","0.0","0.0","0.0","0.0","0","","","",""
"Zack Moss","CIN","RB","BYE","0.0","0.0","0","0.0","0.0","0.0","0.0","0","","","",""
"Brenden Rice","LAC","WR","BYE","0.0","0.0","0","0.0","0.0","0.0","0.0","0","","","",""
"Stefon Diggs","HOU","WR","BYE","0.0","0.0","0","0.0","0.0","0.0","0.0","0","0.0","0","0",""
"Christian Kirk","JAX","WR","BYE","0.0","0.0","0","0.0","0.0","0.0","0.0","0","","","",""
"New TEN WR","TEN","WR","BYE","0.0","0.0","0","0.0","0.0","0.0","0.0","0","","","",""
"New KC RB","KC","RB","@ PHI","0.0","0.0","0","0.0","0.0","0.0","0.0","0","0.0","0","0",""
"Dontrell Hilliard","TEN","RB","BYE","0.0","0.0","0","0.0","0.0","0.0","0.0","0","","","",""
"Chris Godwin","TB","WR","BYE","0.0","0.0","0","0.0","0.0","0.0","0.0","0","","","",""
"Brandon Aiyuk","SF","WR","BYE","0.0","0.0","0","0.0","0.0","0.0","0.0","0","","","",""
"New DEN WR","DEN","WR","BYE","0.0","0.0","0","0.0","0.0","0.0","0.0","0","","","",""
"Xavier Weaver","ARI","WR","BYE","0.0","0.0","0","0.0","0.0","0.0","0.0","0","","","",""
"New HOU RB","HOU","RB","BYE","0.0","0.0","0","0.0","0.0","0.0","0.0","0","0.0","0","0",""
"Treylon Burks","TEN","WR","BYE","0.0","0.0","0","0.0","0.0","0.0","0.0","0","","","",""
"Evan Hull","IND","RB","BYE","0.0","0.0","0","0.0","0.0","0.0","0.0","0","","","",""
"Zach Pascal","ARI","WR","BYE","0.0","0.0","0","0.0","0.0","0.0","0.0","0","","","",""
"Isaiah Hodgins","NYG","WR","BYE","0.0","0.0","0","0.0","0.0","0.0","0.0","0","","","",""
"Dante Miller","NYG","RB","BYE","0.0","0.0","0","0.0","0.0","0.0","0.0","0","","","",""
"Rashid Shaheed","NO","WR","BYE","0.0","0.0","0","0.0","0.0","0.0","0.0","0","","","",""
"Bryce Ford-Wheaton","NYG","WR","BYE","0.0","0.0","0","0.0","0.0","0.0","0.0","0","","","",""
"D.J. Williams","TB","RB","BYE","0.0","0.0","0","0.0","0.0","0.0","0.0","0","","","",""
"Marcus Jones","NE","RB","BYE","0.0","0.0","0","0.0","0.0","0.0","0.0","0","","","",""
"Tom Kennedy","DET","WR","BYE","0.0","0.0","0","0.0","0.0","0.0","0.0","0","0.0","0","0",""
"New SF WR","SF","WR","BYE","0.0","0.0","0","0.0","0.0","0.0","0.0","0","","","",""
"Jonathan Ward","PIT","RB","BYE","0.0","0.0","0","0.0","0.0","0.0","0.0","0","","","",""
"Jonathan Ward","PIT","RB","BYE","0.0","0.0","0","0.0","0.0","0.0","0.0","0","","","",""
"Aaron Shampklin","PIT","RB","BYE","0.0","0.0","0","0.0","0.0","0.0","0.0","0","","","",""
"Erik Ezukanma","MIA","WR","BYE","0.0","0.0","0","0.0","0.0","0.0","0.0","0","","","",""
"Braxton Berrios","MIA","WR","BYE","0.0","0.0","0","0.0","0.0","0.0","0.0","0","","","",""
"Chris Moore","ARI","WR","BYE","0.0","0.0","0","0.0","0.0","0.0","0.0","0","","","",""
"Roman Wilson","PIT","WR","BYE","0.0","0.0","0","0.0","0.0","0.0","0.0","0","","","",""
"Carlos Washington","ATL","RB","BYE","0.0","0.0","0","0.0","0.0","0.0","0.0","0","","","",""
"Rashee Rice","KC","WR","@ PHI","0.0","0.0","0","0.0","0.0","0.0","0.0","0","0.0","0","0",""
"New SF WR 2","SF","WR","BYE","0.0","0.0","0","0.0","0.0","0.0","0.0","0","","","",""
"Travis Vokolek","ARI","TE","BYE","0.0","0.0","0","0.0","0.0","0.0","0.0","0","","","",""
"Tyler Badie","DEN","RB","BYE","0.0","0.0","0","0.0","0.0","0.0","0.0","0","","","",""
"British Brooks","HOU","RB","BYE","0.0","0.0","0","0.0","0.0","0.0","0.0","0","0.0","0","0",""
"Bailey Zappe","CLE","QB","BYE","0.0","0.0","0","0.0","0.0","0.0","0.0","0","","","",""
"New CHI WR","CHI","WR","BYE","0.0","0.0","0","0.0","0.0","0.0","0.0","0","","","",""
"MarShawn Lloyd","GB","RB","BYE","0.0","0.0","0","0.0","0.0","0.0","0.0","0","","","",""
"New NE WR","NE","WR","BYE","0.0","0.0","0","0.0","0.0","0.0","0.0","0","","","",""
"James Mitchell","DET","TE","BYE","0.0","0.0","0","0.0","0.0","0.0","0.0","0","0.0","0","0",""
"Nick Bawden","NYJ","RB","BYE","0.0","0.0","0","0.0","0.0","0.0","0.0","0","","","",""
"Trishton Jackson","MIN","WR","BYE","0.0","0.0","0","0.0","0.0","0.0","0.0","0","","","",""
"Daurice Fountain","DET","WR","BYE","0.0","0.0","0","0.0","0.0","0.0","0.0","0","0.0","0","0",""
"Byron Pringle","WAS","WR","BYE","0.0","0.0","0","0.0","0.0","0.0","0.0","0","0.0","0","0",""
"Patrick Mahomes","KC","QB","@ PHI","5.4","30.6","0.1","0.0","0.0","0.0","0.0","35.9","232.0","1.9","0.7","6.47"
"Brandon Allen","SF","QB","BYE","0.0","0.0","0","0.0","0.0","0.0","0.0","0","","","",""
"Carson Wentz","KC","QB","@ PHI","0.0","0.2","0","0.0","0.0","0.0","0.0","0.4","2.3","0","0","6.47"
"Joshua Dobbs","SF","QB","BYE","0.0","0.0","0","0.0","0.0","0.0","0.0","0","","","",""
"Owen Wright","BAL","RB","BYE","0.0","0.0","0","0.0","0.0","0.0","0.0","0","0.0","0","0",""
"Latavius Murray","BUF","RB","BYE","0.0","0.0","0","0.0","0.0","0.0","0.0","0","0.0","0","0",""
"Tyler Davis","GB","TE","BYE","0.0","0.0","0","0.0","0.0","0.0","0.0","0","","","",""
"Derek Watt","PIT","RB","BYE","0.0","0.0","0","0.0","0.0","0.0","0.0","0","","","",""
"Royce Freeman","DAL","RB","BYE","0.0","0.0","0","0.0","0.0","0.0","0.0","0","","","",""
"Salvon Ahmed","MIA","RB","BYE","0.0","0.0","0","0.0","0.0","0.0","0.0","0","","","",""
"Albert Okwuegbunam","PHI","TE","@ KC","0.0","0.0","0","0.0","0.0","0.0","0.0","0","0.0","0","0",""
"Zach Evans","LAR","RB","BYE","0.0","0.0","0","0.0","0.0","0.0","0.0","0","0.0","0","0",""
"Boston Scott","LAR","RB","BYE","0.0","0.0","0","0.0","0.0","0.0","0.0","0","0.0","0","0",""
"New MIN RB 2","MIN","RB","BYE","0.0","0.0","0","0.0","0.0","0.0","0.0","0","","","",""
"New NYJ RB 4","NYJ","RB","BYE","0.0","0.0","0","0.0","0.0","0.0","0.0","0","","","",""
"Lawrence Cager","NYG","TE","BYE","0.0","0.0","0","0.0","0.0","0.0","0.0","0","","","",""
"Trevor Siemian","NYJ","QB","BYE","0.0","0.0","0","0.0","0.0","0.0","0.0","0","","","",""
"Brycen Hopkins","LAR","TE","BYE","0.0","0.0","0","0.0","0.0","0.0","0.0","0","0.0","0","0",""
"New LAR WR","LAR","WR","BYE","0.0","0.0","0","0.0","0.0","0.0","0.0","0","0.0","0","0",""
"Bisi Johnson","MIN","WR","BYE","0.0","0.0","0","0.0","0.0","0.0","0.0","0","","","",""
"Tommy DeVito","NYG","QB","BYE","0.0","0.0","0","0.0","0.0","0.0","0.0","0","","","",""
"Malik Taylor","NYJ","WR","BYE","0.0","0.0","0","0.0","0.0","0.0","0.0","0","","","",""
"Willie Snead","SF","WR","BYE","0.0","0.0","0","0.0","0.0","0.0","0.0","0","","","",""
"Jashaun Corbin","NYG","RB","BYE","0.0","0.0","0","0.0","0.0","0.0","0.0","0","","","",""
"Cody Thompson","SEA","WR","BYE","0.0","0.0","0","0.0","0.0","0.0","0.0","0","","","",""
"Jelani Woods","IND","TE","BYE","0.0","0.0","0","0.0","0.0","0.0","0.0","0","","","",""
"Ty Montgomery","NE","RB","BYE","0.0","0.0","0","0.0","0.0","0.0","0.0","0","","","",""
"Nick Mullens","MIN","QB","BYE","0.0","0.0","0","0.0","0.0","0.0","0.0","0","","","",""
"Tejhaun Palmer","ARI","WR","BYE","0.0","0.0","0","0.0","0.0","0.0","0.0","0","","","",""
"N'Keal Harry","MIN","WR","BYE","0.0","0.0","0","0.0","0.0","0.0","0.0","0","","","",""
"Jeff Cotton","GB","WR","BYE","0.0","0.0","0","0.0","0.0","0.0","0.0","0","","","",""
"New NYG QB","NYG","QB","BYE","0.0","0.0","0","0.0","0.0","0.0","0.0","0","","","",""
"Jonathan Williams","WAS","RB","BYE","0.0","0.0","0","0.0","0.0","0.0","0.0","0","0.0","0","0",""
"Pooka Williams Jr.","CIN","RB","BYE","0.0","0.0","0","0.0","0.0","0.0","0.0","0","","","",""
"Ty James","MIN","WR","BYE","0.0","0.0","0","0.0","0.0","0.0","0.0","0","","","",""
"Wendell Smallwood","WAS","RB","BYE","0.0","0.0","0","0.0","0.0","0.0","0.0","0","0.0","0","0",""
"Jacoby Brissett","NE","QB","BYE","0.0","0.0","0","0.0","0.0","0.0","0.0","0","","","",""
"Chase Edmonds","TB","RB","BYE","0.0","0.0","0","0.0","0.0","0.0","0.0","0","","","",""
"Isaiah McKenzie","NYG","WR","BYE","0.0","0.0","0","0.0","0.0","0.0","0.0","0","","","",""
"Kyler Murray","ARI","QB","BYE","0.0","0.0","0","0.0","0.0","0.0","0.0","0","","","",""
"New ARI QB","ARI","QB","BYE","0.0","0.0","0","0.0","0.0","0.0","0.0","0","","","",""
"Clayton Tune","ARI","QB","BYE","0.0","0.0","0","0.0","0.0","0.0","0.0","0","","","",""
"Kirk Cousins","ATL","QB","BYE","0.0","0.0","0","0.0","0.0","0.0","0.0","0","","","",""
"Michael Penix Jr.","ATL","QB","BYE","0.0","0.0","0","0.0","0.0","0.0","0.0","0","","","",""
"New ATL QB","ATL","QB","BYE","0.0","0.0","0","0.0","0.0","0.0","0.0","0","","","",""
"Jase McClellan","ATL","RB","BYE","0.0","0.0","0","0.0","0.0","0.0","0.0","0","","","",""
"New ATL RB 3","ATL","RB","BYE","0.0","0.0","0","0.0","0.0","0.0","0.0","0","","","",""
"Josh Ali","ATL","WR","BYE","0.0","0.0","0","0.0","0.0","0.0","0.0","0","","","",""
"Austin Mack","ATL","WR","BYE","0.0","0.0","0","0.0","0.0","0.0","0.0","0","","","",""
"Rondale Moore","ATL","WR","BYE","0.0","0.0","0","0.0","0.0","0.0","0.0","0","","","",""
"Lamar Jackson","BAL","QB","BYE","0.0","0.0","0","0.0","0.0","0.0","0.0","0","0.0","0","0",""
"Josh Johnson","BAL","QB","BYE","0.0","0.0","0","0.0","0.0","0.0","0.0","0","0.0","0","0",""
"Devin Leary","BAL","QB","BYE","0.0","0.0","0","0.0","0.0","0.0","0.0","0","0.0","0","0",""
"Josh Allen","BUF","QB","BYE","0.0","0.0","0","0.0","0.0","0.0","0.0","0","0.0","0","0",""
"Mitchell Trubisky","BUF","QB","BYE","0.0","0.0","0","0.0","0.0","0.0","0.0","0","0.0","0","0",""
"Matt Barkley","BUF","QB","BYE","0.0","0.0","0","0.0","0.0","0.0","0.0","0","0.0","0","0",""
"Chase Claypool","BUF","WR","BYE","0.0","0.0","0","0.0","0.0","0.0","0.0","0","0.0","0","0",""
"Bryce Young","CAR","QB","BYE","0.0","0.0","0","0.0","0.0","0.0","0.0","0","","","",""
"Andy Dalton","CAR","QB","BYE","0.0","0.0","0","0.0","0.0","0.0","0.0","0","","","",""
"Matt Corral","CAR","QB","BYE","0.0","0.0","0","0.0","0.0","0.0","0.0","0","","","",""
"Caleb Williams","CHI","QB","BYE","0.0","0.0","0","0.0","0.0","0.0","0.0","0","","","",""
"Tyson Bagent","CHI","QB","BYE","0.0","0.0","0","0.0","0.0","0.0","0.0","0","","","",""
"Joe Burrow","CIN","QB","BYE","0.0","0.0","0","0.0","0.0","0.0","0.0","0","","","",""
"Jake Browning","CIN","QB","BYE","0.0","0.0","0","0.0","0.0","0.0","0.0","0","","","",""
"Reid Sinnett","CIN","QB","BYE","0.0","0.0","0","0.0","0.0","0.0","0.0","0","","","",""
"Kendall Milton","CIN","RB","BYE","0.0","0.0","0","0.0","0.0","0.0","0.0","0","","","",""
"Deshaun Watson","CLE","QB","BYE","0.0","0.0","0","0.0","0.0","0.0","0.0","0","","","",""
"Jameis Winston","CLE","QB","BYE","0.0","0.0","0","0.0","0.0","0.0","0.0","0","","","",""
"Dorian Thompson-Robinson","CLE","QB","BYE","0.0","0.0","0","0.0","0.0","0.0","0.0","0","","","",""
"Dak Prescott","DAL","QB","BYE","0.0","0.0","0","0.0","0.0","0.0","0.0","0","","","",""
"Cooper Rush","DAL","QB","BYE","0.0","0.0","0","0.0","0.0","0.0","0.0","0","","","",""
"Trey Lance","DAL","QB","BYE","0.0","0.0","0","0.0","0.0","0.0","0.0","0","","","",""
"Bo Nix","DEN","QB","BYE","0.0","0.0","0","0.0","0.0","0.0","0.0","0","","","",""
"Jarrett Stidham","DEN","QB","BYE","0.0","0.0","0","0.0","0.0","0.0","0.0","0","","","",""
"Zach Wilson","DEN","QB","BYE","0.0","0.0","0","0.0","0.0","0.0","0.0","0","","","",""
"Jared Goff","DET","QB","BYE","0.0","0.0","0","0.0","0.0","0.0","0.0","0","0.0","0","0",""
"Hendon Hooker","DET","QB","BYE","0.0","0.0","0","0.0","0.0","0.0","0.0","0","0.0","0","0",""
"Teddy Bridgewater","DET","QB","BYE","0.0","0.0","0","0.0","0.0","0.0","0.0","0","0.0","0","0",""
"Jason Cabinda","DET","RB","BYE","0.0","0.0","0","0.0","0.0","0.0","0.0","0","0.0","0","0",""
"Jordan Love","GB","QB","BYE","0.0","0.0","0","0.0","0.0","0.0","0.0","0","","","",""
"Sean Clifford","GB","QB","BYE","0.0","0.0","0","0.0","0.0","0.0","0.0","0","","","",""
"Malik Willis","GB","QB","BYE","0.0","0.0","0","0.0","0.0","0.0","0.0","0","","","",""
"Samori Toure","GB","WR","BYE","0.0","0.0","0","0.0","0.0","0.0","0.0","0","","","",""
"New GB TE 2","GB","TE","BYE","0.0","0.0","0","0.0","0.0","0.0","0.0","0","","","",""
"CJ Stroud","HOU","QB","BYE","0.0","0.0","0","0.0","0.0","0.0","0.0","0","0.0","0","0",""
"New HOU QB","HOU","QB","BYE","0.0","0.0","0","0.0","0.0","0.0","0.0","0","0.0","0","0",""
"Davis Mills","HOU","QB","BYE","0.0","0.0","0","0.0","0.0","0.0","0.0","0","0.0","0","0",""
"Anthony Richardson","IND","QB","BYE","0.0","0.0","0","0.0","0.0","0.0","0.0","0","","","",""
"Joe Flacco","IND","QB","BYE","0.0","0.0","0","0.0","0.0","0.0","0.0","0","","","",""
"Nick Foles","IND","QB","BYE","0.0","0.0","0","0.0","0.0","0.0","0.0","0","","","",""
"New IND TE","IND","TE","BYE","0.0","0.0","0","0.0","0.0","0.0","0.0","0","","","",""
"Trevor Lawrence","JAX","QB","BYE","0.0","0.0","0","0.0","0.0","0.0","0.0","0","","","",""
"C.J. Beathard","JAX","QB","BYE","0.0","0.0","0","0.0","0.0","0.0","0.0","0","","","",""
"Mac Jones","JAX","QB","BYE","0.0","0.0","0","0.0","0.0","0.0","0.0","0","","","",""
"Jake Funk","JAX","RB","BYE","0.0","0.0","0","0.0","0.0","0.0","0.0","0","","","",""
"Shane Buechele","KC","QB","@ PHI","0.0","0.0","0","0.0","0.0","0.0","0.0","0","0.0","0","0",""
"Justin Herbert","LAC","QB","BYE","0.0","0.0","0","0.0","0.0","0.0","0.0","0","","","",""
"Easton Stick","LAC","QB","BYE","0.0","0.0","0","0.0","0.0","0.0","0.0","0","","","",""
"Taylor Heinicke","LAC","QB","BYE","0.0","0.0","0","0.0","0.0","0.0","0.0","0","","","",""
"Matthew Stafford","LAR","QB","BYE","0.0","0.0","0","0.0","0.0","0.0","0.0","0","0.0","0","0",""
"Jimmy Garoppolo","LAR","QB","BYE","0.0","0.0","0","0.0","0.0","0.0","0.0","0","0.0","0","0",""
"Stetson Bennett","LAR","QB","BYE","0.0","0.0","0","0.0","0.0","0.0","0.0","0","0.0","0","0",""
"New LAR QB","LAR","QB","BYE","0.0","0.0","0","0.0","0.0","0.0","0.0","0","0.0","0","0",""
"Gardner Minshew II","LVR","QB","BYE","0.0","0.0","0","0.0","0.0","0.0","0.0","0","","","",""
"Aidan O'Connell","LVR","QB","BYE","0.0","0.0","0","0.0","0.0","0.0","0.0","0","","","",""
"Desmond Ridder","LVR","QB","BYE","0.0","0.0","0","0.0","0.0","0.0","0.0","0","","","",""
"Tua Tagovailoa","MIA","QB","BYE","0.0","0.0","0","0.0","0.0","0.0","0.0","0","","","",""
"Skylar Thompson","MIA","QB","BYE","0.0","0.0","0","0.0","0.0","0.0","0.0","0","","","",""
"Tyler Huntley","MIA","QB","BYE","0.0","0.0","0","0.0","0.0","0.0","0.0","0","","","",""
"New MIA TE","MIA","TE","BYE","0.0","0.0","0","0.0","0.0","0.0","0.0","0","","","",""
"J.J. McCarthy","MIN","QB","BYE","0.0","0.0","0","0.0","0.0","0.0","0.0","0","","","",""
"Sam Darnold","MIN","QB","BYE","0.0","0.0","0","0.0","0.0","0.0","0.0","0","","","",""
"Jaren Hall","MIN","QB","BYE","0.0","0.0","0","0.0","0.0","0.0","0.0","0","","","",""
"Drake Maye","NE","QB","BYE","0.0","0.0","0","0.0","0.0","0.0","0.0","0","","","",""
"Joe Milton III","NE","QB","BYE","0.0","0.0","0","0.0","0.0","0.0","0.0","0","","","",""
"Terrell Jennings","NE","RB","BYE","0.0","0.0","0","0.0","0.0","0.0","0.0","0","","","",""
"Derek Carr","NO","QB","BYE","0.0","0.0","0","0.0","0.0","0.0","0.0","0","","","",""
"Spencer Rattler","NO","QB","BYE","0.0","0.0","0","0.0","0.0","0.0","0.0","0","","","",""
"Jake Haener","NO","QB","BYE","0.0","0.0","0","0.0","0.0","0.0","0.0","0","","","",""
"Tommy Hudson","NO","TE","BYE","0.0","0.0","0","0.0","0.0","0.0","0.0","0","","","",""
"Tim Boyle","NYG","QB","BYE","0.0","0.0","0","0.0","0.0","0.0","0.0","0","","","",""
"Drew Lock","NYG","QB","BYE","0.0","0.0","0","0.0","0.0","0.0","0.0","0","","","",""
"New NYG RB","NYG","RB","BYE","0.0","0.0","0","0.0","0.0","0.0","0.0","0","","","",""
"Aaron Rodgers","NYJ","QB","BYE","0.0","0.0","0","0.0","0.0","0.0","0.0","0","","","",""
"Jordan Travis","NYJ","QB","BYE","0.0","0.0","0","0.0","0.0","0.0","0.0","0","","","",""
"Tyrod Taylor","NYJ","QB","BYE","0.0","0.0","0","0.0","0.0","0.0","0.0","0","","","",""
"New NYJ RB 3","NYJ","RB","BYE","0.0","0.0","0","0.0","0.0","0.0","0.0","0","","","",""
"Randall Cobb","NYJ","WR","BYE","0.0","0.0","0","0.0","0.0","0.0","0.0","0","","","",""
"Jalen Hurts","PHI","QB","@ KC","7.7","34.8","0.6","0.0","0.0","0.0","0.0","27.3","248.5","1.7","0.5","9.11"
"Kenny Pickett","PHI","QB","@ KC","0.0","0.1","0","0.0","0.0","0.0","0.0","0.3","2.5","0","0","9.11"
"Tanner McKee","PHI","QB","@ KC","0.0","0.0","0","0.0","0.0","0.0","0.0","0","0.0","0","0",""
"Russell Wilson","PIT","QB","BYE","0.0","0.0","0","0.0","0.0","0.0","0.0","0","","","",""
"Justin Fields","PIT","QB","BYE","0.0","0.0","0","0.0","0.0","0.0","0.0","0","","","",""
"Kyle Allen","PIT","QB","BYE","0.0","0.0","0","0.0","0.0","0.0","0.0","0","","","",""
"Miles Boykin","PIT","WR","BYE","0.0","0.0","0","0.0","0.0","0.0","0.0","0","","","",""
"Rodney Williams","PIT","TE","BYE","0.0","0.0","0","0.0","0.0","0.0","0.0","0","","","",""
"Geno Smith","SEA","QB","BYE","0.0","0.0","0","0.0","0.0","0.0","0.0","0","","","",""
"Sam Howell","SEA","QB","BYE","0.0","0.0","0","0.0","0.0","0.0","0.0","0","","","",""
"New SEA RB 2","SEA","RB","BYE","0.0","0.0","0","0.0","0.0","0.0","0.0","0","","","",""
"Random Person","SEA","RB","BYE","0.0","0.0","0","0.0","0.0","0.0","0.0","0","","","",""
"Random Person","SEA","RB","BYE","0.0","0.0","0","0.0","0.0","0.0","0.0","0","","","",""
"Brock Purdy","SF","QB","BYE","0.0","0.0","0","0.0","0.0","0.0","0.0","0","","","",""
"Kyle Trask","TB","QB","BYE","0.0","0.0","0","0.0","0.0","0.0","0.0","0","","","",""
"Baker Mayfield","TB","QB","BYE","0.0","0.0","0","0.0","0.0","0.0","0.0","0","","","",""
"Will Levis","TEN","QB","BYE","0.0","0.0","0","0.0","0.0","0.0","0.0","0","","","",""
"Ryan Tannehill","TEN","QB","BYE","0.0","0.0","0","0.0","0.0","0.0","0.0","0","","","",""
"Mason Rudolph","TEN","QB","BYE","0.0","0.0","0","0.0","0.0","0.0","0.0","0","","","",""
"Dillon Johnson","TEN","RB","BYE","0.0","0.0","0","0.0","0.0","0.0","0.0","0","","","",""
"Jayden Daniels","WAS","QB","BYE","0.0","0.0","0","0.0","0.0","0.0","0.0","0","0.0","0","0",""
"Marcus Mariota","WAS","QB","BYE","0.0","0.0","0","0.0","0.0","0.0","0.0","0","0.0","0","0",""
"Jeff Driskel","WAS","QB","BYE","0.0","0.0","0","0.0","0.0","0.0","0.0","0","0.0","0","0",""
"New WAS RB","WAS","RB","BYE","0.0","0.0","0","0.0","0.0","0.0","0.0","0","0.0","0","0",""
"Curtis Hodges","WAS","TE","BYE","0.0","0.0","0","0.0","0.0","0.0","0.0","0","0.0","0","0",""
"Tommy Sweeney","CHI","TE","BYE","0.0","0.0","0","0.0","0.0","0.0","0.0","0","","","",""
"","","","","","","","","","","","","","","",""
"","","","","","","","","","","","","","","",""
"","","","","","","","","","","","","","","",""
"","","","","","","","","","","","","","","",""
"","","","","","","","","","","","","","","",""
"","","","","","","","","","","","","","","",""
"","","","","","","","","","","","","","","",""
"","","","","","","","","","","","","","","",""
"","","","","","","","","","","","","","","",""
"","","","","","","","","","","","","","","",""
"","","","","","","","","","","","","","","",""
"","","","","","","","","","","","","","","",""
"","","","","","","","","","","","","","","",""
"","","","","","","","","","","","","","","",""
"","","","","","","","","","","","","","","",""
"","","","","","","","","","","","","","","",""
"","","","","","","","","","","","","","","",""
"","","","","","","","","","","","","","","",""
"","","","","","","","","","","","","","","",""
"","","","","","","","","","","","","","","",""
"","","","","","","","","","","","","","","",""
"","","","","","","","","","","","","","","",""
"","","","","","","","","","","","","","","",""
"","","","","","","","","","","","","","","",""
"","","","","","","","","","","","","","","",""
"","","","","","","","","","","","","","","",""
"","","","","","","","","","","","","","","",""
"","","","","","","","","","","","","","","",""
"","","","","","","","","","","","","","","",""
"","","","","","","","","","","","","","","",""
"","","","","","","","","","","","","","","",""
"","","","","","","","","","","","","","","",""
"","","","","","","","","","","","","","","",""
"","","","","","","","","","","","","","","",""
"","","","","","","","","","","","","","","",""
"","","","","","","","","","","","","","","",""
"","","","","","","","","","","","","","","",""
"","","","","","","","","","","","","","","",""
"","","","","","","","","","","","","","","",""
"","","","","","","","","","","","","","","",""
"","","","","","","","","","","","","","","",""
"","","","","","","","","","","","","","","",""
"","","","","","","","","","","","","","","",""
"","","","","","","","","","","","","","","",""
"","","","","","","","","","","","","","","",""
"","","","","","","","","","","","","","","",""
"","","","","","","","","","","","","","","",""
"","","","","","","","","","","","","","","",""
"","","","","","","","","","","","","","","",""
"","","","","","","","","","","","","","","",""
"","","","","","","","","","","","","","","",""
"","","","","","","","","","","","","","","",""
"","","","","","","","","","","","","","","",""
"","","","","","","","","","","","","","","",""
"","","","","","","","","","","","","","","",""
"","","","","","","","","","","","","","","",""
"","","","","","","","","","","","","","","",""
"","","","","","","","","","","","","","","",""
"","","","","","","","","","","","","","","",""
"","","","","","","","","","","","","","","",""
"","","","","","","","","","","","","","","",""
"","","","","","","","","","","","","","","",""
"","","","","","","","","","","","","","","",""
"","","","","","","","","","","","","","","",""
"","","","","","","","","","","","","","","",""
"","","","","","","","","","","","","","","",""
"","","","","","","","","","","","","","","",""
"","","","","","","","","","","","","","","",""
"","","","","","","","","","","","","","","",""
"","","","","","","","","","","","","","","",""
"","","","","","","","","","","","","","","",""
"","","","","","","","","","","","","","","",""
"","","","","","","","","","","","","","","",""
"","","","","","","","","","","","","","","",""
"","","","","","","","","","","","","","","",""
"","","","","","","","","","","","","","","",""
"","","","","","","","","","","","","","","",""
"","","","","","","","","","","","","","","",""
"","","","","","","","","","","","","","","",""
"","","","","","","","","","","","","","","",""
"","","","","","","","","","","","","","","",""
"","","","","","","","","","","","","","","",""
"","","","","","","","","","","","","","","",""
"","","","","","","","","","","","","","","",""
"","","","","","","","","","","","","","","",""
"","","","","","","","","","","","","","","",""
"","","","","","","","","","","","","","","",""
"","","","","","","","","","","","","","","",""
"","","","","","","","","","","","","","","",""
"","","","","","","","","","","","","","","",""
"","","","","","","","","","","","","","","",""
"","","","","","","","","","","","","","","",""
"","","","","","","","","","","","","","","",""
"","","","","","","","","","","","","","","",""
"","","","","","","","","","","","","","","",""
"","","","","","","","","","","","","","","",""
"","","","","","","","","","","","","","","",""
"","","","","","","","","","","","","","","",""
"","","","","","","","","","","","","","","",""
"","","","","","","","","","","","","","","",""
"","","","","","","","","","","","","","","",""
"","","","","","","","","","","","","","","",""
"","","","","","","","","","","","","","","",""
"","","","","","","","","","","","","","","",""
"","","","","","","","","","","","","","","",""
"","","","","","","","","","","","","","","",""
"","","","","","","","","","","","","","","",""
"","","","","","","","","","","","","","","",""
"","","","","","","","","","","","","","","",""
"","","","","","","","","","","","","","","",""
"","","","","","","","","","","","","","","",""
"","","","","","","","","","","","","","","",""
"","","","","","","","","","","","","","","",""
"","","","","","","","","","","","","","","",""
"","","","","","","","","","","","","","","",""
"","","","","","","","","","","","","","","",""
"","","","","","","","","","","","","","","",""
"","","","","","","","","","","","","","","",""
"","","","","","","","","","","","","","","",""
"","","","","","","","","","","","","","","",""
"","","","","","","","","","","","","","","",""
"","","","","","","","","","","","","","","",""
"","","","","","","","","","","","","","","",""
"","","","","","","","","","","","","","","",""
"","","","","","","","","","","","","","","",""
"","","","","","","","","","","","","","","",""
"","","","","","","","","","","","","","","",""
"","","","","","","","","","","","","","","",""
"","","","","","","","","","","","","","","",""
"","","","","","","","","","","","","","","",""
"","","","","","","","","","","","","","","",""
"","","","","","","","","","","","","","","",""
"","","","","","","","","","","","","","","",""
"","","","","","","","","","","","","","","",""
"","","","","","","","","","","","","","","",""
"","","","","","","","","","","","","","","",""
"","","","","","","","","","","","","","","",""
"","","","","","","","","","","","","","","",""
"","","","","","","","","","","","","","","",""
"","","","","","","","","","","","","","","",""
"","","","","","","","","","","","","","","",""
"","","","","","","","","","","","","","","",""
"","","","","","","","","","","","","","","",""
"","","","","","","","","","","","","","","",""
"","","","","","","","","","","","","","","",""
"","","","","","","","","","","","","","","",""
"","","","","","","","","","","","","","","",""
"","","","","","","","","","","","","","","",""
"","","","","","","","","","","","","","","",""
"","","","","","","","","","","","","","","",""
"","","","","","","","","","","","","","","",""
"","","","","","","","","","","","","","","",""
"","","","","","","","","","","","","","","",""
"","","","","","","","","","","","","","","",""
"","","","","","","","","","","","","","","",""
"","","","","","","","","","","","","","","",""
"","","","","","","","","","","","","","","",""
"","","","","","","","","","","","","","","",""
"","","","","","","","","","","","","","","",""
"","","","","","","","","","","","","","","",""
"","","","","","","","","","","","","","","",""
"","","","","","","","","","","","","","","",""
"","","","","","","","","","","","","","","",""
"","","","","","","","","","","","","","","",""
"","","","","","","","","","","","","","","",""
"","","","","","","","","","","","","","","",""
"","","","","","","","","","","","","","","",""
"","","","","","","","","","","","","","","",""
"","","","","","","","","","","","","","","",""
"","","","","","","","","","","","","","","",""
"","","","","","","","","","","","","","","",""
"","","","","","","","","","","","","","","",""
"","","","","","","","","","","","","","","",""
"","","","","","","","","","","","","","","",""
"","","","","","","","","","","","","","","",""
"","","","","","","","","","","","","","","",""
"","","","","","","","","","","","","","","",""
"","","","","","","","","","","","","","","",""
"","","","","","","","","","","","","","","",""
"","","","","","","","","","","","","","","",""
"","","","","","","","","","","","","","","",""
"","","","","","","","","","","","","","","",""
"","","","","","","","","","","","","","","",""
"","","","","","","","","","","","","","","",""
"","","","","","","","","","","","","","","",""
"","","","","","","","","","","","","","","",""
"","","","","","","","","","","","","","","",""
"","","","","","","","","","","","","","","",""
"","","","","","","","","","","","","","","",""
"","","","","","","","","","","","","","","",""
"","","","","","","","","","","","","","","",""
"","","","","","","","","","","","","","","",""
"","","","","","","","","","","","","","","",""
"","","","","","","","","","","","","","","",""
"","","","","","","","","","","","","","","",""
"","","","","","","","","","","","","","","",""
"","","","","","","","","","","","","","","",""
"","","","","","","","","","","","","","","",""
"","","","","","","","","","","","","","","",""
"","","","","","","","","","","","","","","",""
"","","","","","","","","","","","","","","",""
"","","","","","","","","","","","","","","",""
"","","","","","","","","","","","","","","",""
"","","","","","","","","","","","","","","",""
"","","","","","","","","","","","","","","",""
"","","","","","","","","","","","","","","",""
"","","","","","","","","","","","","","","",""
"","","","","","","","","","","","","","","",""
"","","","","","","","","","","","","","","",""
"","","","","","","","","","","","","","","",""
"","","","","","","","","","","","","","","",""
"","","","","","","","","","","","","","","",""
"","","","","","","","","","","","","","","",""
"","","","","","","","","","","","","","","",""
"","","","","","","","","","","","","","","",""
"","","","","","","","","","","","","","","",""
"","","","","","","","","","","","","","","",""
"","","","","","","","","","","","","","","",""
"","","","","","","","","","","","","","","",""
"","","","","","","","","","","","","","","",""
"","","","","","","","","","","","","","","",""
"","","","","","","","","","","","","","","",""
"","","","","","","","","","","","","","","",""
"","","","","","","","","","","","","","","",""
"","","","","","","","","","","","","","","",""
"","","","","","","","","","","","","","","",""
"","","","","","","","","","","","","","","",""
"","","","","","","","","","","","","","","",""
"","","","","","","","","","","","","","","",""
"","","","","","","","","","","","","","","",""
"","","","","","","","","","","","","","","",""
"","","","","","","","","","","","","","","",""
"","","","","","","","","","","","","","","",""
"","","","","","","","","","","","","","","",""
"","","","","","","","","","","","","","","",""
"","","","","","","","","","","","","","","",""
"","","","","","","","","","","","","","","",""
"","","","","","","","","","","","","","","",""
"","","","","","","","","","","","","","","",""
"","","","","","","","","","","","","","","",""
"","","","","","","","","","","","","","","",""
"","","","","","","","","","","","","","","",""
"","","","","","","","","","","","","","","",""
"","","","","","","","","","","","","","","",""
"","","","","","","","","","","","","","","",""
"","","","","","","","","","","","","","","",""
"","","","","","","","","","","","","","","",""
"","","","","","","","","","","","","","","",""
"","","","","","","","","","","","","","","",""
"","","","","","","","","","","","","","","",""
"","","","","","","","","","","","","","","",""
"","","","","","","","","","","","","","","",""
"","","","","","","","","","","","","","","",""
"","","","","","","","","","","","","","","",""
"","","","","","","","","","","","","","","",""
"","","","","","","","","","","","","","","",""
"","","","","","","","","","","","","","","",""
"","","","","","","","","","","","","","","",""
"","","","","","","","","","","","","","","",""
"","","","","","","","","","","","","","","",""
"","","","","","","","","","","","","","","",""
"","","","","","","","","","","","","","","",""
"","","","","","","","","","","","","","","",""
"","","","","","","","","","","","","","","",""
"","","","","","","","","","","","","","","",""
"","","","","","","","","","","","","","","",""
"","","","","","","","","","","","","","","",""
"","","","","","","","","","","","","","","",""
"","","","","","","","","","","","","","","",""
"","","","","","","","","","","","","","","",""
"","","","","","","","","","","","","","","",""
"","","","","","","","","","","","","","","",""
"","","","","","","","","","","","","","","",""
"","","","","","","","","","","","","","","",""
"","","","","","","","","","","","","","","",""
"","","","","","","","","","","","","","","",""
"","","","","","","","","","","","","","","",""
"","","","","","","","","","","","","","","",""
"","","","","","","","","","","","","","","",""
"","","","","","","","","","","","","","","",""
"","","","","","","","","","","","","","","",""
"","","","","","","","","","","","","","","",""
"","","","","","","","","","","","","","","",""
"","","","","","","","","","","","","","","",""
"","","","","","","","","","","","","","","",""
"","","","","","","","","","","","","","","",""
"","","","","","","","","","","","","","","",""
"","","","","","","","","","","","","","","",""
"","","","","","","","","","","","","","","",""
"","","","","","","","","","","","","","","",""
"","","","","","","","","","","","","","","",""
"","","","","","","","","","","","","","","",""
"","","","","","","","","","","","","","","",""
"","","","","","","","","","","","","","","",""
"","","","","","","","","","","","","","","",""
"","","","","","","","","","","","","","","",""
"","","","","","","","","","","","","","","",""
"","","","","","","","","","","","","","","",""
"","","","","","","","","","","","","","","",""
"","","","","","","","","","","","","","","",""
"ARI D/ST","ARI","D/ST","BYE","","","","","","","","","","","",""
"ATL D/ST","ATL","D/ST","BYE","","","","","","","","","","","",""
"BAL D/ST","BAL","D/ST","BYE","","","","","","","","","","","",""
"BUF D/ST","BUF","D/ST","BYE","","","","","","","","","","","",""
"CAR D/ST","CAR","D/ST","BYE","","","","","","","","","","","",""
"CHI D/ST","CHI","D/ST","BYE","","","","","","","","","","","",""
"CIN D/ST","CIN","D/ST","BYE","","","","","","","","","","","",""
"CLE D/ST","CLE","D/ST","BYE","","","","","","","","","","","",""
"DAL D/ST","DAL","D/ST","BYE","","","","","","","","","","","",""
"DEN D/ST","DEN","D/ST","BYE","","","","","","","","","","","",""
"DET D/ST","DET","D/ST","BYE","","","","","","","","","","","",""
"GB D/ST","GB","D/ST","BYE","","","","","","","","","","","",""
"HOU D/ST","HOU","D/ST","BYE","","","","","","","","","","","",""
"IND D/ST","IND","D/ST","BYE","","","","","","","","","","","",""
"JAX D/ST","JAX","D/ST","BYE","","","","","","","","","","","",""
"KC D/ST","KC","D/ST","@ PHI","","","","","","","","","","","",""
"LAC D/ST","LAC","D/ST","BYE","","","","","","","","","","","",""
"LAR D/ST","LAR","D/ST","BYE","","","","","","","","","","","",""
"LVR D/ST","LVR","D/ST","BYE","","","","","","","","","","","",""
"MIA D/ST","MIA","D/ST","BYE","","","","","","","","","","","",""
"MIN D/ST","MIN","D/ST","BYE","","","","","","","","","","","",""
"NE D/ST","NE","D/ST","BYE","","","","","","","","","","","",""
"NO D/ST","NO","D/ST","BYE","","","","","","","","","","","",""
"NYG D/ST","NYG","D/ST","BYE","","","","","","","","","","","",""
"NYJ D/ST","NYJ","D/ST","BYE","","","","","","","","","","","",""
"PHI D/ST","PHI","D/ST","@ KC","","","","","","","","","","","",""
"PIT D/ST","PIT","D/ST","BYE","","","","","","","","","","","",""
"SEA D/ST","SEA","D/ST","BYE","","","","","","","","","","","",""
"SF D/ST","SF","D/ST","BYE","","","","","","","","","","","",""
"TB D/ST","TB","D/ST","BYE","","","","","","","","","","","",""
"TEN D/ST","TEN","D/ST","BYE","","","","","","","","","","","",""
"WAS D/ST","WAS","D/ST","BYE","","","","","","","","","","","",""